{"type":"FeatureCollection","features":[{"type":"Feature","id":19,"geometry":{"type":"Polygon","coordinates":[[[-121.54097491575291,38.20219449424858],[-121.5409187829743,38.202265663506743],[-121.54085367515492,38.202380044644549],[-121.54082889109642,38.202446533541561],[-121.54080931552019,38.202514759379653],[-121.54080017454383,38.20258371509469],[-121.54079624869881,38.202653375372876],[-121.54080936848914,38.202778022219938],[-121.54096534476568,38.203303022503057],[-121.54164055529155,38.205575621207892],[-121.54167944685879,38.205752199140328],[-121.54169957124971,38.205870353211118],[-121.54176865272375,38.206495661247956],[-121.5417788539166,38.206805301374715],[-121.54176693268627,38.207037281311614],[-121.54167708232663,38.207754974817],[-121.54162877811812,38.2079624402325],[-121.54141705699104,38.208690975303611],[-121.54137806157146,38.208802714907627],[-121.54133692441286,38.20888905823162],[-121.54131456892785,38.208935980798991],[-121.54123371331075,38.20906299925403],[-121.54098231387076,38.209382234839715],[-121.54096139566731,38.209408796842624],[-121.54092777938556,38.209451484458064],[-121.54065303564563,38.209800358992844],[-121.54054088612668,38.209922791004232],[-121.54041659901837,38.210038652095442],[-121.54029183445826,38.210140588925803],[-121.54028365645642,38.210147270554877],[-121.5401403228941,38.210248297087887],[-121.54008158810289,38.210284694213925],[-121.53999007832084,38.210341400516711],[-121.53989372381359,38.210393658660152],[-121.53987134006839,38.210405798708116],[-121.53970727484584,38.210483400942721],[-121.53953867490233,38.210551099442242],[-121.53953630644509,38.21055205031336],[-121.53951559711722,38.210559285380107],[-121.53861547253349,38.210873754729924],[-121.53771410949334,38.211143012173054],[-121.537440313025,38.211236303716802],[-121.53732165738275,38.211287312528043],[-121.53710341191683,38.211400734100913],[-121.53704570759845,38.211444437283276],[-121.53699314354635,38.211500170756658],[-121.53695093886111,38.211568650090477],[-121.53692784151762,38.211642352969463],[-121.53692056330199,38.211710122275839],[-121.53692043572424,38.211711312728809],[-121.53693035073466,38.211792701324896],[-121.53695761546292,38.211882051396373],[-121.53700747346963,38.211975955252001],[-121.53731303144966,38.212354400378651],[-121.53747031130368,38.21252047273186],[-121.53801672387962,38.213058802108293],[-121.538039183254,38.213084723176564],[-121.5381307255486,38.213190374561023],[-121.53833455863749,38.2134535348629],[-121.53843101350618,38.213578063860801],[-121.53853982194509,38.213706182737425],[-121.53869712306368,38.213869850845803],[-121.53886840431308,38.214024306435107],[-121.5394449601765,38.214478999201681],[-121.53955929954226,38.214558744748636],[-121.53972050378056,38.214657211310019],[-121.53984536058185,38.214725329475144],[-121.54001885005587,38.214807710800201],[-121.54068044051661,38.21507802367065],[-121.54073740591687,38.215101298980549],[-121.54090915716172,38.215183674731755],[-121.54232211523011,38.21601409562178],[-121.54249717236949,38.216124627485847],[-121.54262536136751,38.216216435543451],[-121.5427482984622,38.21631337385282],[-121.54286424568754,38.216415089594818],[-121.54297319962295,38.216521580975382],[-121.54309938840377,38.216654572494797],[-121.54310914842657,38.216665624490588],[-121.5432237883322,38.216795448508194],[-121.54356905924647,38.217231354886358],[-121.54358096639415,38.217248829629966],[-121.54366216370401,38.21736798938354],[-121.54371632328584,38.21747534312788],[-121.54373434344727,38.217511060607329],[-121.54376507787718,38.217594628342091],[-121.54378908427131,38.217659899534908],[-121.54379422082297,38.217683002277617],[-121.54382292209964,38.217812088018988],[-121.54383569834009,38.217991993409179],[-121.54383537254012,38.218006945860161],[-121.54382943818315,38.218279543685767],[-121.5438293285173,38.218284575578757],[-121.54382094721458,38.218669485701163],[-121.54382827035842,38.218886096672442],[-121.543844192804,38.219032976487107],[-121.54385950157229,38.219174196331309],[-121.54391685322321,38.21945999675809],[-121.54397812581732,38.219676820423899],[-121.54399870026512,38.219741942863031],[-121.54407712754812,38.219990178781465],[-121.54428008371629,38.220632558671376],[-121.54456710981914,38.221474623273771],[-121.54460283530425,38.221604164543017],[-121.54463137504045,38.221768687485522],[-121.54463923724212,38.221900865389017],[-121.54463665209761,38.222033687567475],[-121.54462363054752,38.222165782019893],[-121.54458581769069,38.222361728501419],[-121.54456653137009,38.222427451801281],[-121.54450722877695,38.222586151901822],[-121.54449545465407,38.222617661454194],[-121.54444607003616,38.222720437928864],[-121.54441139142497,38.222777251867825],[-121.5443739639428,38.222838569246377],[-121.54430201251394,38.22293233136228],[-121.54420040200958,38.223037302881941],[-121.54410764911945,38.223118282833298],[-121.54404269193522,38.223176638962428],[-121.54401307892387,38.223203243724619],[-121.54381046546337,38.223317768912906],[-121.54362543730873,38.223403876611179],[-121.54347364573849,38.22346299646879],[-121.54325746650321,38.223521176188036],[-121.54315234782524,38.223538140988666],[-121.54306234061987,38.223552666586684],[-121.54177735577015,38.22364963608652],[-121.54137663289849,38.223690163109232],[-121.54031295888012,38.223797731192334],[-121.53994356426568,38.22384940054485],[-121.53872946157931,38.224010062909898],[-121.53871365505546,38.224012567133535],[-121.53784409989277,38.224181729818945],[-121.5374475843297,38.22427362391322],[-121.53703775718296,38.224368601827969],[-121.53618299651993,38.224566687470265],[-121.53610418370803,38.224586899448603],[-121.53590232305059,38.224638667339654],[-121.53556480677328,38.224737770888034],[-121.53547336105677,38.224764621463017],[-121.5352692350494,38.224841370510902],[-121.53512077521778,38.224922118547923],[-121.53497212911439,38.225031354268737],[-121.53444483170621,38.225559182534376],[-121.53390410976928,38.226008696207359],[-121.53378679927009,38.226116340118566],[-121.5336798929343,38.226229862849912],[-121.53358164924381,38.226349254677032],[-121.533342718252,38.226691525400646],[-121.53324264245501,38.226824982224869],[-121.53312343717965,38.22695595968743],[-121.53298862455659,38.22707794871107],[-121.53278049949796,38.227232590087191],[-121.53216706669136,38.227618989467508],[-121.53197148670981,38.227717733683505],[-121.53184367992105,38.227763588263613],[-121.53175864624947,38.227794097039457],[-121.53115722850178,38.227938556323231],[-121.53101608660299,38.227963382251396],[-121.53090463564938,38.227972195885336],[-121.53077410705549,38.227970633711379],[-121.53066452798875,38.227959547914296],[-121.53055674785685,38.227939544290145],[-121.53041603519583,38.227898811236273],[-121.52953391972432,38.227584925477686],[-121.52932559796425,38.22750272747485],[-121.52789953230909,38.226807738049814],[-121.52781274379703,38.226765440824657],[-121.52769804298943,38.22673957202943],[-121.52758491643705,38.22673876494931],[-121.52747512029401,38.226760969174478],[-121.5274036453374,38.226793048337179],[-121.5273773633855,38.226804843893191],[-121.52732140717673,38.226844431572161],[-121.52727936194033,38.226886476260688],[-121.52722031883394,38.226982143841894],[-121.52719843289127,38.227017605593183],[-121.52714538110773,38.227144384517928],[-121.52700117752219,38.227632904804295],[-121.52693038294662,38.227811098096737],[-121.52686501212735,38.227958422322331],[-121.52680687817099,38.22806424279635],[-121.52672253060338,38.228185746247284],[-121.52663836068118,38.228280477004766],[-121.52657157907484,38.228338810484111],[-121.5263490027282,38.228476892067221],[-121.52548926673022,38.229010244929441],[-121.52522507368872,38.229174138945453],[-121.52490421265148,38.229373186309061],[-121.52485559585357,38.229403076235585],[-121.52469997081542,38.229511240353951],[-121.52458447003603,38.229605496239103],[-121.52445135106801,38.229731602112146],[-121.52386044425079,38.230385088845111],[-121.52354322229519,38.230712942411436],[-121.52327869932465,38.230953680588811],[-121.52313234384945,38.231071251980445],[-121.52299216640013,38.231214445590282],[-121.52232264072921,38.231823753058123],[-121.52190568084987,38.232228417855303],[-121.52075436976091,38.233384462813994],[-121.51952678533188,38.234488350595875],[-121.51883649677791,38.235153410994968],[-121.51854371032138,38.235464877777432],[-121.5181502688168,38.235915260077192],[-121.5180788508808,38.235997012164972],[-121.51801547432942,38.236102807329921],[-121.51797989958828,38.236215927655202],[-121.517970554632,38.236311308478186],[-121.51797868779313,38.236396122973105],[-121.51814902299182,38.237296207719389],[-121.51817275336516,38.237457147342916],[-121.51817702366408,38.23759892214283],[-121.518124155709,38.238090675212838],[-121.51812123554997,38.238139529702707],[-121.51810917247552,38.238341366671328],[-121.51811286450641,38.238691293948108],[-121.51812270556715,38.238845792739902],[-121.51815043826512,38.238942587193584],[-121.51817279423246,38.238983182670218],[-121.51820734102033,38.239023485880672],[-121.51827489241509,38.239073881850871],[-121.5183199794202,38.239099468993444],[-121.51837555576179,38.239118580258591],[-121.51844858780237,38.239130898806053],[-121.51853383958255,38.239137432435534],[-121.51865480703073,38.239139703576036],[-121.51910599012209,38.239091817221698],[-121.52010154708954,38.238969989125103],[-121.52178710261377,38.238783421244776],[-121.52232715626349,38.23872113281169],[-121.52308504038827,38.238623361446457],[-121.52364962934507,38.238536111169765],[-121.52585625621872,38.238192409144801],[-121.52736708128413,38.237939594073474],[-121.52742292538008,38.23792906116465],[-121.5283989421191,38.23774496719151],[-121.5297803878497,38.237484385662455],[-121.53007485132493,38.237445409367041],[-121.53036740238542,38.237441302259924],[-121.53055192517228,38.237462139432481],[-121.5323856978535,38.237700446936216],[-121.53269616718654,38.237741274266135],[-121.53332924121567,38.237820917944624],[-121.53402171790823,38.237904406432648],[-121.53447214066786,38.237971098017724],[-121.53478857805466,38.238029010161689],[-121.5351251518248,38.238103005083033],[-121.53525617221781,38.238131809674407],[-121.53534649517368,38.23815340599068],[-121.5371807898138,38.238591962432352],[-121.53822546712735,38.238849394190822],[-121.53876783566059,38.238983041553212],[-121.53912487123112,38.239072965829521],[-121.53941694743655,38.239146527853336],[-121.53969063789509,38.239212216734302],[-121.54022700331305,38.239335235230016],[-121.54053712626487,38.239404614245181],[-121.54118662355904,38.23953710798849],[-121.54163103673503,38.239630208360971],[-121.54215815075588,38.239734073296596],[-121.54234550850937,38.239769605237981],[-121.54257056076156,38.239812284589597],[-121.54295053284638,38.239882618138807],[-121.54311807517298,38.239912482037454],[-121.54324259113994,38.239935917601656],[-121.54414338500051,38.240094070237326],[-121.54433465900306,38.240127651405707],[-121.54504370781811,38.240252910340622],[-121.54621783283189,38.24045687432632],[-121.54650561388249,38.240506864936563],[-121.54760865435188,38.240698610836013],[-121.54836981359941,38.240829416805731],[-121.54861323631199,38.240869288821166],[-121.54910581875725,38.24092619473614],[-121.54940334637857,38.240950698707763],[-121.55045713357993,38.240990260034529],[-121.55076353246336,38.24098802264507],[-121.55105630287675,38.240969380307007],[-121.55105636509855,38.240969658922445],[-121.55106829691034,38.240968615341501],[-121.55106835520408,38.240968609262431],[-121.55118203546927,38.240957355672826],[-121.55129545775382,38.240943745700832],[-121.55148688797445,38.240918750051598],[-121.55172639762121,38.240887477303772],[-121.55186513410843,38.240866977070148],[-121.5520030751956,38.240841672348651],[-121.55214005455338,38.240811593651721],[-121.55227590701199,38.240776777248257],[-121.55240740277684,38.240743765343709],[-121.55261676958419,38.24066872315268],[-121.55268700115117,38.240638232451367],[-121.55277897891844,38.240599785994107],[-121.55286987119412,38.240558839273028],[-121.552870017844,38.24055876867228],[-121.55296664510774,38.240511840125009],[-121.5530617775685,38.240461950932236],[-121.55315532453966,38.240409148651658],[-121.55344630752583,38.24023873592138],[-121.55380224372352,38.240030282864694],[-121.55387922768264,38.239985392647483],[-121.55391988417229,38.239961849614822],[-121.55392058001404,38.239961448712947],[-121.55415029830587,38.239830508863534],[-121.55447193025121,38.239647175478034],[-121.55516919431632,38.239216277957411],[-121.55537896143386,38.239075330026218],[-121.55561678474031,38.238901541027353],[-121.55660112153919,38.238163125335404],[-121.5568478088791,38.237962250463895],[-121.55709126239267,38.237754531246686],[-121.55726609050471,38.237583584951587],[-121.55729501523881,38.237553181384051],[-121.55763719530698,38.237193505527195],[-121.55772240283463,38.237087250979862],[-121.55782837046725,38.236941984032917],[-121.55787957952747,38.236824105431275],[-121.55791687768858,38.236703430246727],[-121.55792928073097,38.236638072840279],[-121.55803168100158,38.236098490940996],[-121.55806381188968,38.235929179758401],[-121.55808036114222,38.235785773149367],[-121.55809043202397,38.235680876051497],[-121.55809870496165,38.235594710419171],[-121.55809089049546,38.235450521191403],[-121.55807274863469,38.235287413454955],[-121.55788489222199,38.234039935085356],[-121.5578355400602,38.233857486328496],[-121.55777127142682,38.233669150687831],[-121.55732782899371,38.23291754677728],[-121.55613051424221,38.230958396245114],[-121.55566907780339,38.230203284305688],[-121.55557149408521,38.230024353008844],[-121.55550196023515,38.229874579710746],[-121.55545513598318,38.229686128130311],[-121.55545441171134,38.229683211881841],[-121.5553479259045,38.229094188708423],[-121.55524006271746,38.228497539578932],[-121.55523883866773,38.228494186273799],[-121.55523888236962,38.228491008129623],[-121.55520367479262,38.228296254594113],[-121.55518120918852,38.227990000300004],[-121.55533969023526,38.22516886264345],[-121.55546176809264,38.223444913226047],[-121.5554799886885,38.223193487936967],[-121.55549031532591,38.223050986647841],[-121.55551097651467,38.222806682342323],[-121.55555680630789,38.2224323878077],[-121.55562003124041,38.222059190982847],[-121.55569890452423,38.22168845624487],[-121.55638861595705,38.218992257684839],[-121.55640160075643,38.218941495269831],[-121.55678097252863,38.216690980019131],[-121.55681861374337,38.216387610733818],[-121.55683346127329,38.216267947043178],[-121.55685075068943,38.216128601284034],[-121.55685240066543,38.216115304318322],[-121.55689773150047,38.215538156176038],[-121.55691169859931,38.215249203613183],[-121.55691875293611,38.21467087765641],[-121.5569013766016,38.214103784528277],[-121.55686213592467,38.213364274172442],[-121.55685947999116,38.213314214607792],[-121.55679850713838,38.212165133338367],[-121.55678323098378,38.211540040678237],[-121.55680198380858,38.210734845176496],[-121.55680553212024,38.210582505471152],[-121.55686139671425,38.208183834572516],[-121.556855287064,38.207815665313596],[-121.55685164651609,38.207596300403026],[-121.55683350401416,38.206502899492442],[-121.5568245650217,38.204309465543496],[-121.55682239169656,38.203776074812474],[-121.55682238883391,38.203775983812591],[-121.55682096689027,38.203725273198131],[-121.55682384896241,38.20354027772607],[-121.55682826641447,38.203388927932863],[-121.55683616013927,38.203237591518629],[-121.55684927454139,38.203086274294279],[-121.55686412661242,38.202935307893277],[-121.55688245619997,38.202784697207626],[-121.55699887973586,38.201914359812399],[-121.55710864695259,38.201093757790524],[-121.55712315565397,38.200998050946332],[-121.55713396232674,38.200938711001477],[-121.55714476570385,38.200879716981291],[-121.55715904752064,38.200820736336432],[-121.5571733294888,38.200762097124283],[-121.55718935008322,38.200703465496915],[-121.55720710833295,38.200645182883363],[-121.55722486328753,38.200587244390981],[-121.55724435915855,38.200529310787765],[-121.55726559165944,38.200472075733906],[-121.55728856167194,38.200414841049884],[-121.55731153178994,38.200357953200921],[-121.55733623840371,38.20030141435705],[-121.55736268264563,38.2002452254224],[-121.55738912587491,38.200189378812603],[-121.55795981460322,38.19905614691465],[-121.55807074121776,38.198842050663934],[-121.5581587119574,38.198682439730007],[-121.55825016115844,38.198523871781894],[-121.55828455461368,38.198465554635803],[-121.55900306533836,38.197247248071456],[-121.5590184578125,38.197221147276188],[-121.55919600302546,38.196923212495321],[-121.55934707415176,38.196687300801983],[-121.55951029130478,38.196455898338044],[-121.55968391928097,38.196228997516151],[-121.55986621069388,38.196007278080444],[-121.5605390832969,38.195221091115776],[-121.56059180179483,38.195165388229334],[-121.56064589668024,38.195108231146307],[-121.56075964007377,38.195000202804472],[-121.56084009102341,38.194930832944365],[-121.56096595986114,38.194831087384323],[-121.5610118928218,38.194797520969317],[-121.5610533354166,38.194767236439439],[-121.56114243367141,38.194706136973693],[-121.56172350596619,38.194325025041145],[-121.5618888343825,38.1942165883396],[-121.56329957426152,38.193291283162232],[-121.56332786434466,38.1932730809826],[-121.56340087115966,38.193226108514587],[-121.56352134008887,38.193154828224642],[-121.56370635836365,38.193053932767633],[-121.56372432444654,38.193045308257275],[-121.56384117543904,38.192989213558455],[-121.56390002503247,38.192960962370712],[-121.5640971214841,38.192876243172307],[-121.56430112565715,38.192799443277579],[-121.56450855783329,38.192731580995549],[-121.5647211550002,38.192671976403687],[-121.56581709218466,38.192391571405054],[-121.56631368323828,38.192259923553401],[-121.56716060246015,38.19201872704155],[-121.56758750299564,38.191891253965906],[-121.56827422768443,38.191686193553508],[-121.56833246059138,38.191667951068432],[-121.56827177612503,38.191610284436727],[-121.56822498237428,38.191563054288608],[-121.56299765757244,38.186286474253542],[-121.56122463519699,38.186871464240724],[-121.56074363201527,38.187279453401935],[-121.55996162474602,38.187921436177625],[-121.55836361151803,38.189410396614981],[-121.55789860758391,38.189941382041255],[-121.55745360348261,38.190348371650551],[-121.55700759953582,38.190598365838831],[-121.5555175830372,38.191433345824848],[-121.55426356814867,38.192140329020809],[-121.55304555537181,38.192847312330635],[-121.5517095424198,38.1938542867412],[-121.55069153174547,38.194661265734467],[-121.5479835014084,38.196117232477114],[-121.54759249984615,38.196796212789948],[-121.54719249826947,38.197438194248583],[-121.54687049698835,38.197976179222884],[-121.54606049257697,38.199160145754838],[-121.54535148846357,38.200186116412581],[-121.54462948158357,38.200701103355762],[-121.54393847245296,38.200958099091764],[-121.5431754633664,38.201272092124483],[-121.54288345323252,38.201376360781175],[-121.54188855506008,38.201731603005321],[-121.54178844824982,38.201764226529797],[-121.54160184641894,38.201832473380662],[-121.54157155289948,38.201844791257408],[-121.54134018362691,38.20193886520034],[-121.541205790025,38.202005261718703],[-121.54112541642797,38.202058143013716],[-121.54112418058588,38.202059125454902],[-121.54105021941484,38.202117908694476],[-121.54097491575291,38.20219449424858]]]},"properties":{"OBJECTID":19,"DISTRICT":"Upper Andrus Island 556","FEE_ID":null,"Link":"https://saclafco.saccounty.gov/ServiceProviders/Documents/atozlistings/Reclamation%20District%20556.pdf","Daytime_Phone":"(916) 776-2092","Nighttime_Phone":null,"Shape.STArea()":101987658.01857258,"Shape.STLength()":61945.568719778988}},{"type":"Feature","id":22,"geometry":{"type":"Polygon","coordinates":[[[-121.60733295861786,38.147750900531825],[-121.6136774790365,38.148552232672976],[-121.6137228779823,38.148557965974796],[-121.61591168639779,38.148834332335127],[-121.61591652580978,38.148834943963756],[-121.61601745049575,38.148589640773558],[-121.61604216465015,38.148519703826075],[-121.61606527059426,38.148425392008896],[-121.61608329675623,38.148305664045132],[-121.61612099209148,38.147759019724987],[-121.616142818138,38.147578894641796],[-121.61619521749138,38.147208377580029],[-121.61621490087141,38.147103757363595],[-121.61623799993194,38.147010818435298],[-121.6162786387619,38.146888763243481],[-121.61631562981,38.146798616482982],[-121.61637536794998,38.14668108695998],[-121.61654203769803,38.146398474905602],[-121.61665768708386,38.146228616097567],[-121.61678374226304,38.146063597984593],[-121.61692019541626,38.145904449302279],[-121.61706878680907,38.145750832572226],[-121.6171718879356,38.145651980588411],[-121.61733610728469,38.145501846932838],[-121.61738499904693,38.145461509000732],[-121.61743909379399,38.145423932401869],[-121.61758561107266,38.145333120525976],[-121.61766408312262,38.145288074622563],[-121.61776692821653,38.145236587313903],[-121.61787322014331,38.145190947209016],[-121.61798295550514,38.14515115338606],[-121.61809613705944,38.145117549076403],[-121.61821276027268,38.145090133353804],[-121.61833108875618,38.145069589615545],[-121.61842155037746,38.145058219722912],[-121.61851199076045,38.145050625243286],[-121.61860241220565,38.145046805283407],[-121.6186928147128,38.145046762545888],[-121.61878319603409,38.145050493419781],[-121.61955657040578,38.145098017191174],[-121.61968172569513,38.145101176756363],[-121.61980690416969,38.145099531011191],[-121.61989037474963,38.14509534384171],[-121.62001560091741,38.145085118123056],[-121.62018087278312,38.145063010425282],[-121.620262657507,38.145048864588865],[-121.62038274759858,38.145023176073614],[-121.62054117408796,38.144981136008319],[-121.62067003967509,38.144939686550224],[-121.62174117348142,38.144566687705215],[-121.62258926240465,38.144290766072046],[-121.62278608733085,38.14421898856758],[-121.62297599732246,38.144139294634499],[-121.62316247082255,38.144052038029898],[-121.62334203093104,38.14395720739018],[-121.62390353940994,38.143628168248242],[-121.62396982346442,38.143585823192609],[-121.62405184440287,38.143525681446519],[-121.6241391408975,38.143454232018158],[-121.62420379766917,38.143390600225253],[-121.62425804671317,38.143322132767395],[-121.62429660685734,38.143261848928617],[-121.62433524940256,38.143186464036937],[-121.62434317173748,38.143164429358137],[-121.62436347531458,38.143107956040943],[-121.62437953951917,38.143028035412165],[-121.62438691772026,38.142946713501132],[-121.62438212758646,38.142865695102437],[-121.62436690233903,38.142785329104441],[-121.62434638648337,38.142719361579161],[-121.62431201921336,38.142642705932417],[-121.62401574359265,38.142120712925077],[-121.62394857791038,38.142000019004357],[-121.62387288065868,38.14184874950913],[-121.6238385125029,38.141772438756369],[-121.62377152377223,38.141618107676173],[-121.62367380082381,38.141357619161589],[-121.62364482704602,38.141247001895849],[-121.6236329512365,38.14119135947],[-121.62362122549324,38.141106886948023],[-121.62361471371361,38.141022429678934],[-121.62361342108224,38.140937648052088],[-121.62361734009637,38.140852881671712],[-121.62362821412172,38.140768481273497],[-121.62378007884101,38.139986065818647],[-121.62383421292118,38.13960765708228],[-121.62384398202846,38.139402091296716],[-121.62383957654821,38.139247623434528],[-121.62382299819458,38.139093800440868],[-121.62379772706853,38.138940635490208],[-121.62374837417119,38.138738654665502],[-121.62370048633645,38.138588848059591],[-121.62359572821902,38.138344809874781],[-121.6235217259042,38.138202469769908],[-121.62343728091371,38.138062841298613],[-121.62334584889766,38.13792971310189],[-121.62253470100136,38.136816008029378],[-121.62244337107578,38.136663657575426],[-121.62240212682001,38.136573251357412],[-121.62236958881357,38.13648047197789],[-121.62234401060851,38.136386000175804],[-121.62232713138955,38.136290524524824],[-121.62231894472585,38.136194393644892],[-121.62231945041138,38.136098290397456],[-121.62233766236746,38.135940462644676],[-121.62237843918481,38.135789231257242],[-121.62274034440819,38.134731202513976],[-121.62285344088087,38.134379417524507],[-121.62293679368678,38.134063915729442],[-121.6229844224144,38.133931242036134],[-121.62336653459444,38.132331314140423],[-121.6234163262895,38.132117299682442],[-121.62354694965008,38.13173639682168],[-121.6235997450988,38.131612319713241],[-121.62365356752345,38.131505513825367],[-121.62366121905667,38.131490329459872],[-121.62366162536146,38.131489623605653],[-121.62372963023687,38.131371451849354],[-121.62380671853181,38.131255349326914],[-121.62395195994262,38.131069447589866],[-121.62438034729701,38.130583458164622],[-121.62450815346079,38.130407110208907],[-121.62461514787546,38.130222113425553],[-121.62465909377055,38.130127868131346],[-121.62469954298207,38.130037729292873],[-121.6249848893667,38.129315470065109],[-121.62507479113316,38.129075159603033],[-121.62518793422888,38.128710327270532],[-121.62525178610828,38.128464780646297],[-121.62529277469908,38.128270988381338],[-121.62531605431272,38.128139606556196],[-121.62532885836872,38.128017457862263],[-121.62537572521842,38.127363067253299],[-121.62541029082813,38.126734378078709],[-121.62541082634226,38.126631752737403],[-121.62539585234003,38.126503679576146],[-121.62536014370511,38.126351853226787],[-121.62529499773454,38.126180025375064],[-121.62524509330034,38.126084787733227],[-121.62495215371115,38.125601593045666],[-121.62487820130981,38.125451701261774],[-121.62481817094256,38.125298425225552],[-121.62480110805504,38.125237960862343],[-121.62476357655987,38.125102948536238],[-121.62469082486506,38.124723782031516],[-121.62467120573756,38.124487230749459],[-121.62466692435808,38.124309079734381],[-121.62468032655309,38.124071949734102],[-121.62469485144578,38.123953583227568],[-121.62472532163179,38.123776917618734],[-121.62497020337864,38.122811517514279],[-121.62501474126726,38.122602979015106],[-121.62517200626722,38.121774585476629],[-121.62517380328866,38.121763265603605],[-121.62527742073696,38.121223355505123],[-121.62536076665796,38.120904421995064],[-121.62541204888649,38.120735375141194],[-121.62552133080439,38.12044158186265],[-121.62565504618945,38.120127616471557],[-121.62570949329032,38.120017959686358],[-121.6257953920463,38.119875452306033],[-121.6258654488916,38.119771683860677],[-121.62597215166925,38.11963851305714],[-121.62605954592846,38.119542349250558],[-121.62615213493436,38.11944997780396],[-121.62625165245046,38.119361746668112],[-121.6267124077437,38.118985001245861],[-121.62682581399606,38.118899218210053],[-121.62697752152876,38.118800173262905],[-121.62719714895402,38.118673546545267],[-121.62755098483005,38.118470469384107],[-121.6276416624745,38.118410697518648],[-121.6277254118805,38.118346440256957],[-121.62782318214251,38.118259576855543],[-121.62792803565497,38.118146992157598],[-121.628001542642,38.118047006446332],[-121.628092669094,38.117897337091506],[-121.62801057842096,38.117888771948579],[-121.62788844551743,38.117877651181502],[-121.62767815636214,38.117848369041461],[-121.6274498499934,38.11780293684771],[-121.62709274280337,38.117723123069027],[-121.62691646225977,38.117681434911198],[-121.62659554161145,38.117605311594211],[-121.62642606833275,38.117560071034482],[-121.62618874004752,38.117509245062713],[-121.62604408164674,38.117478384067347],[-121.62585412253925,38.117456313972916],[-121.62569809576281,38.117436142208788],[-121.62547419534177,38.117413961938141],[-121.62507154871173,38.117389410536767],[-121.62478648124055,38.117381329932492],[-121.62439054714156,38.117371099334015],[-121.62404208399323,38.117369960955344],[-121.6237026360444,38.117376001209024],[-121.62336317751256,38.117383829552111],[-121.6227181735709,38.117404955540493],[-121.62237649950053,38.117403834383893],[-121.62209819212259,38.117401132181577],[-121.62186290376602,38.117393208759076],[-121.62163224485887,38.117365635015034],[-121.62138134447696,38.117314754469014],[-121.62115534381709,38.117262168960977],[-121.62083907019255,38.117164592474644],[-121.62058381651418,38.117081518599647],[-121.62024949824604,38.116973155222809],[-121.62003269287393,38.116893781695659],[-121.61969012237554,38.116769587288246],[-121.61938975868564,38.116659546340379],[-121.61909856948679,38.116526295271058],[-121.61855006881737,38.116272417236388],[-121.61805809143486,38.116027661798718],[-121.61769937901083,38.115828039354525],[-121.61731580665659,38.115622970212819],[-121.61699086723634,38.115455636047692],[-121.61659817241832,38.115264834525888],[-121.61627318737995,38.115106436598936],[-121.61600012225993,38.114971450807971],[-121.61574049875074,38.114861535410206],[-121.61552158496021,38.114755331956758],[-121.61529365052,38.114643734142888],[-121.61513350011488,38.114550240441375],[-121.61501625399067,38.114472977840563],[-121.61493291943613,38.114401192424133],[-121.61478882955033,38.114266635450328],[-121.61466960027039,38.114137524454549],[-121.61454816566024,38.11399767930007],[-121.6144381131342,38.113845359103522],[-121.6143551159501,38.11371100545626],[-121.61429251101409,38.113571358162218],[-121.61425250506771,38.113437149499198],[-121.61423735788148,38.113308386168868],[-121.61424712807329,38.11317434443589],[-121.61426140565165,38.113043892467772],[-121.6142734187283,38.112913432906097],[-121.61428083059855,38.112797260107662],[-121.61426357613155,38.112639888042885],[-121.61423254369272,38.112520009869343],[-121.61412567740727,38.112196084593066],[-121.61401672293333,38.111839973191628],[-121.61390721314622,38.111587545307891],[-121.61382692395658,38.111370968207623],[-121.61372036048468,38.110991625774552],[-121.61369382502237,38.110877125447516],[-121.61366079189172,38.110708974586728],[-121.61360780916304,38.110463886493413],[-121.61355000323059,38.110274199101248],[-121.6134634488717,38.109961067261963],[-121.61337002243918,38.109664000876045],[-121.61328542356983,38.109408080638083],[-121.61320986501906,38.109153978068953],[-121.61307208660413,38.108690509752222],[-121.6129833320216,38.10836664445943],[-121.61292769622116,38.108194840924874],[-121.61288287074098,38.108116033448241],[-121.61280401303252,38.108054987319271],[-121.61273636061648,38.108013643018573],[-121.61266858405997,38.107995537958772],[-121.61258492293582,38.107986317769374],[-121.61249214168492,38.107989580752999],[-121.6123087299125,38.108017565221218],[-121.61200983579491,38.108063036717375],[-121.61139612179994,38.108170012183983],[-121.61099067903645,38.108254449297249],[-121.61062145166714,38.108335432050374],[-121.61037910751075,38.108382878976244],[-121.61021606527679,38.108409141793359],[-121.60997380685734,38.108440498647681],[-121.60966142250771,38.108469828796437],[-121.60935129993265,38.108499165779818],[-121.6090570147346,38.108528556662129],[-121.6087309858285,38.10857035187162],[-121.6083642038538,38.10861737026876],[-121.60801097636893,38.108668009241846],[-121.60773245810336,38.10870996353912],[-121.60727963178509,38.108769198956864],[-121.60691057601534,38.108817993186626],[-121.60664794320181,38.108851059834002],[-121.60636033377425,38.10890013171889],[-121.60607499809272,38.108947421548606],[-121.60585534143327,38.108982421797592],[-121.60563349123822,38.109004901040798],[-121.6050359809484,38.109042179069917],[-121.60463542277539,38.109058679697469],[-121.6043412329995,38.109070182018954],[-121.60413986217344,38.109071277344981],[-121.60394314362513,38.109049147726289],[-121.60371936601871,38.109010835928238],[-121.60347994950097,38.108936716099841],[-121.6032474172312,38.108844743580853],[-121.60302388656947,38.108761740080041],[-121.60277998480915,38.108680452214358],[-121.60236877018316,38.108578922254438],[-121.60200495944325,38.108497219030284],[-121.60172475139851,38.108435468348134],[-121.60141976614781,38.108353967856985],[-121.60076028303331,38.108165972749482],[-121.60062143869619,38.108125798428198],[-121.60020449660553,38.10800294248709],[-121.59982276993173,38.107888991936285],[-121.59957654296917,38.107820203141799],[-121.59929864546987,38.107743044319911],[-121.5992896522544,38.10774054730981],[-121.59900284204581,38.107646588848048],[-121.5986708434373,38.107541746253538],[-121.59844284811629,38.107449779831008],[-121.59824435386446,38.107341826493048],[-121.5980729909011,38.107237543176943],[-121.59785211479756,38.10708660706544],[-121.59759515017126,38.10691588010458],[-121.59728631267285,38.106716368364474],[-121.59703829165002,38.106565336538374],[-121.59680585561669,38.106459049112125],[-121.59659817811905,38.106376088670878],[-121.59633625293914,38.10628399814896],[-121.59603383655158,38.106150649163638],[-121.59583520978484,38.10606771913114],[-121.59563214904267,38.10596868364906],[-121.59539962636596,38.105878482586462],[-121.59512411043623,38.105789917934935],[-121.59488029830845,38.105696100528732],[-121.59462074180931,38.105586137594699],[-121.5944154827513,38.105476366467613],[-121.59414259410119,38.105323453361656],[-121.59372770630667,38.105077078334865],[-121.59331959697936,38.104832512200964],[-121.59305128986,38.104670674281863],[-121.59274927162754,38.104469386240652],[-121.59253080899423,38.104295208727919],[-121.59231468148616,38.104108526912256],[-121.59214373984835,38.103932728884978],[-121.59202454813092,38.103807170061017],[-121.59185338439096,38.103670699139379],[-121.59170244039653,38.103559328583358],[-121.59159860759138,38.103517843362525],[-121.59146973836781,38.103503084373067],[-121.59121873481118,38.103482527417462],[-121.59100838174501,38.103474629351311],[-121.59078225334187,38.103455949026682],[-121.59055613525751,38.103435479168525],[-121.5902326775428,38.103425389632662],[-121.5899340744029,38.103420749781066],[-121.58962186602382,38.103421424380059],[-121.58916270093582,38.103405482837573],[-121.58874426786124,38.103387898700007],[-121.58821047753261,38.103366324505089],[-121.58746413614938,38.103326108754622],[-121.58692584236483,38.103300936891692],[-121.58649160600748,38.103277924919674],[-121.58625194601306,38.103252035029719],[-121.58607108650611,38.10322993273742],[-121.58535672914667,38.103136187885084],[-121.58474863819953,38.103053548979588],[-121.58406817638445,38.102967070492973],[-121.58349619033976,38.102900644147105],[-121.58289027306682,38.102834091894849],[-121.58230249555704,38.10276045213373],[-121.58184588035787,38.102696224760273],[-121.58093509046478,38.102537381741698],[-121.58023442448204,38.102425779876341],[-121.57984570171645,38.102358216785412],[-121.57933281684562,38.102245506168195],[-121.5790300822627,38.102174679262653],[-121.57867978838608,38.102112616659298],[-121.5781081093437,38.101996109613573],[-121.57766983202924,38.101892603661398],[-121.57745977849513,38.101834626901798],[-121.57720686914072,38.101755040717933],[-121.57697434341613,38.101671952506067],[-121.57668534591427,38.101574355574982],[-121.57638276327036,38.101478494299442],[-121.576129730882,38.101420357685278],[-121.57583144320652,38.101363840030601],[-121.5755738024115,38.101319985590806],[-121.57533656382556,38.101269054812683],[-121.57518069218671,38.101230938113595],[-121.57494814820015,38.101151421277869],[-121.57467497978097,38.101055665111105],[-121.57434768843736,38.10093110629002],[-121.5739099109586,38.100745354688321],[-121.57354434463456,38.100590260036078],[-121.57325110766284,38.100446159289696],[-121.5728994053669,38.100242847259608],[-121.57259515792818,38.100048648951834],[-121.57227510837754,38.099849029092788],[-121.57194606576756,38.099640434642716],[-121.57170501432635,38.099471497131809],[-121.57152057215207,38.099293830724697],[-121.57140165891532,38.099128922236012],[-121.57124661581727,38.098953153181256],[-121.57109144535596,38.098798835839069],[-121.57084163919255,38.098581596201676],[-121.57066376326993,38.098441493943604],[-121.57045870866931,38.098306653670683],[-121.57020620693011,38.098162697290562],[-121.56992879930874,38.098022221862962],[-121.56968957100041,38.097928368071464],[-121.56944359997658,38.09782733833876],[-121.5692154680564,38.097769278794395],[-121.56891008213577,38.09776813440822],[-121.56868606850608,38.097778020183696],[-121.56835100629932,38.097821455120886],[-121.56810632089065,38.097883104489327],[-121.56799290283791,38.097934520790218],[-121.56791551723083,38.098012887641836],[-121.56786508276332,38.098123532966071],[-121.5677732109411,38.098353796695889],[-121.56773145813692,38.098525256243576],[-121.5676916774422,38.098744989065359],[-121.56766280072786,38.099032694723157],[-121.56765875134637,38.099329432150675],[-121.56766407519999,38.099572574273985],[-121.5676830030179,38.09981040557124],[-121.5677132312769,38.100050066675365],[-121.56775697882225,38.100298716117443],[-121.56783423208601,38.100618998877955],[-121.56792076868018,38.100899987216984],[-121.56802063280311,38.101222143046215],[-121.56812755315413,38.101499633159072],[-121.56825236805244,38.101811155844985],[-121.56838607244734,38.102149526149638],[-121.56855796764248,38.102532731729418],[-121.56870761853284,38.102853286446283],[-121.56884183033957,38.103107637640669],[-121.56913771828651,38.103564601920361],[-121.56927452836138,38.103763545353843],[-121.56946988087961,38.104009186367378],[-121.57001611144257,38.104597585281688],[-121.57028607313688,38.104852442262946],[-121.57059875278669,38.105152151164582],[-121.5709364074232,38.105437651084529],[-121.57119526640197,38.105658499017274],[-121.57148143486573,38.105852633731388],[-121.57181488040062,38.106086272129325],[-121.57209219503369,38.106248194187252],[-121.57243056330167,38.106415705443652],[-121.57279833375971,38.10658511314444],[-121.57313903099305,38.106741905205368],[-121.57359037585448,38.106934860258541],[-121.57387931646267,38.107044978740561],[-121.5741999007663,38.107160576528763],[-121.57450242915199,38.10726895641951],[-121.57487721825403,38.107400840570563],[-121.57533098193234,38.107568771551669],[-121.57587279286832,38.107769200925063],[-121.57624077769003,38.107904631983708],[-121.57699253864342,38.108184488872375],[-121.57751176562478,38.108379465465987],[-121.57797911610635,38.108547434080755],[-121.57858414443167,38.108773110561323],[-121.57918246148702,38.108986246214414],[-121.5797062056598,38.109184804957579],[-121.58017579720895,38.10935813659372],[-121.58069501000905,38.109558460708193],[-121.58126598201561,38.109807238626622],[-121.58176458910343,38.110050388610468],[-121.58232402725969,38.110338447697998],[-121.5828020601075,38.110619058607533],[-121.58310402442224,38.110829311164927],[-121.58346214899623,38.111109484645937],[-121.58393062386878,38.111479439654786],[-121.58423920666067,38.111720103116511],[-121.58441039581707,38.111853009126605],[-121.58463099978887,38.112048661462289],[-121.58481088870538,38.112242379088109],[-121.58505588730144,38.11252392652932],[-121.58531419577005,38.112852001825864],[-121.58558603034254,38.113189062812467],[-121.58580389475233,38.1134687235798],[-121.58598089940448,38.11377147661856],[-121.58613737629382,38.114102758158367],[-121.58628440290136,38.114503724744587],[-121.58644502740069,38.114901164492572],[-121.58659869082958,38.115328969868145],[-121.58668069231436,38.115627804838383],[-121.58677083811345,38.116083983490761],[-121.58682700512959,38.116547192058604],[-121.58686125286185,38.116886972022932],[-121.58689940037043,38.117335813656887],[-121.58690853249732,38.11771483183874],[-121.58689571801547,38.117975786014966],[-121.58685055411888,38.118352821899826],[-121.58678935667493,38.118763765715556],[-121.58673713595245,38.119187255765581],[-121.586694554147,38.119508882965867],[-121.58663895003409,38.119733929669344],[-121.58655834035855,38.119978550689645],[-121.58641122356971,38.120376671566149],[-121.58628462481707,38.120748051653088],[-121.58613546922442,38.121106836473594],[-121.58593345018875,38.121606656785026],[-121.58576833701038,38.121985048852316],[-121.58561035000085,38.122304472837186],[-121.58542954876994,38.122655991719796],[-121.58512085302775,38.123209056003297],[-121.58488313205076,38.123619363242042],[-121.60605984720263,38.147590057874197],[-121.60733295861786,38.147750900531825]]]},"properties":{"OBJECTID":22,"DISTRICT":"Lower Andrus Island 317","FEE_ID":null,"Link":"http://www.balmd.org/reclamation-levee-maintenance-district.html?id=32","Daytime_Phone":"(916) 776-2544","Nighttime_Phone":null,"Shape.STArea()":141235510.7074061,"Shape.STLength()":59676.214493872852}},{"type":"Feature","id":23,"geometry":{"type":"Polygon","coordinates":[[[-121.60227829396273,38.147112216274436],[-121.60106906908668,38.146952300359573],[-121.60106866213064,38.14695224669822],[-121.6010647103673,38.146958839099661],[-121.60089791096857,38.14723713856074],[-121.60069754361022,38.147445600960545],[-121.60048112978565,38.147689761160024],[-121.60017330002522,38.148089131008689],[-121.59971000792852,38.14876147259826],[-121.59940887053989,38.14917695335442],[-121.59906898550639,38.149638777120778],[-121.59874504399149,38.150082779484542],[-121.59845757790048,38.150480427685977],[-121.59821146770673,38.150769171567255],[-121.59805671847322,38.150913433074749],[-121.5978157954488,38.151084207754394],[-121.5975659134603,38.151237073675247],[-121.59718434017455,38.151459198591425],[-121.59682791632746,38.151636717126621],[-121.59654673020366,38.151719753480585],[-121.59620447070091,38.151793635509577],[-121.5958736695555,38.15184252869031],[-121.59542067328459,38.151882053841099],[-121.5949860281153,38.15187873768663],[-121.5945176889818,38.151828820601963],[-121.59403829304199,38.151732384731133],[-121.59343917036605,38.15159083071304],[-121.59307974946041,38.151496601953731],[-121.59269540974978,38.151405857645216],[-121.59247150378708,38.151367523765977],[-121.59246568922606,38.15136867701392],[-121.5914830903387,38.150182263166165],[-121.59142074529433,38.150106985548149],[-121.59108477956582,38.14967297022298],[-121.59048858058699,38.148659434019557],[-121.59047891032365,38.14864299470009],[-121.59030610839575,38.148349225477936],[-121.58981975331834,38.147522392836009],[-121.58976965824134,38.147445176072914],[-121.58971217168275,38.147371240041863],[-121.5896476345101,38.147301025573285],[-121.58957643220374,38.147234951134536],[-121.58949898802251,38.147173411003713],[-121.58941576531099,38.147116770774204],[-121.58932725722738,38.147065368219124],[-121.58923399360891,38.147019509712649],[-121.58913652843405,38.146979468384032],[-121.58907270318447,38.146958010503901],[-121.58903544325041,38.146945483229167],[-121.58893134035145,38.14691775548291],[-121.58885839611054,38.146903830444103],[-121.58878406593358,38.146895666897258],[-121.58870907715428,38.146893344914552],[-121.58863416655677,38.146896887848563],[-121.58856006555209,38.14690626137876],[-121.58848750018907,38.146921371709759],[-121.58841718084756,38.146942072741155],[-121.58834979770694,38.146968160646011],[-121.58828600929807,38.146999381036672],[-121.58822644137354,38.147035427158812],[-121.58814787879048,38.147091483939434],[-121.58813545166937,38.147100351804262],[-121.58807675896711,38.147147853787096],[-121.58804980850807,38.147169664754941],[-121.58796985228021,38.147243090673506],[-121.58790429005607,38.14731157274057],[-121.58789589608035,38.147320340611849],[-121.58782823485896,38.147401107539203],[-121.58776713625495,38.147485073516435],[-121.5877128394752,38.147571906087634],[-121.58756544399432,38.147827571950366],[-121.58750958973317,38.147932828920943],[-121.58746194038318,38.148040571962348],[-121.58743235057339,38.148123335445895],[-121.58742267280756,38.148150402631806],[-121.58740931626313,38.148198852376311],[-121.58739193082729,38.148261916060363],[-121.58736982979852,38.148374698266494],[-121.58735645087242,38.148488332441595],[-121.58735184212935,38.148602399854767],[-121.58735602316253,38.148716476265626],[-121.58736897589363,38.148830141801078],[-121.58739065487023,38.148942975587119],[-121.58742097925395,38.149054560224208],[-121.58745983624158,38.149164481799872],[-121.58750708216915,38.149272336198983],[-121.58756254368856,38.149377722801717],[-121.58758997529712,38.149422035093686],[-121.58762601429748,38.149480252579522],[-121.58769725891788,38.149579545408827],[-121.58777601614587,38.1496752354848],[-121.58786199256294,38.149766968598485],[-121.58787548049793,38.149779666070572],[-121.58788058996072,38.149784476115983],[-121.58795487184662,38.149854404872357],[-121.58805431019636,38.14993722054615],[-121.58827804284859,38.150112553788837],[-121.58839415922014,38.150198814319502],[-121.58851594144255,38.150280057305508],[-121.58864304403869,38.15035604906835],[-121.58877510202383,38.150426574779061],[-121.58999670983862,38.151042070953906],[-121.59025784960519,38.151173641229711],[-121.59080789674115,38.151450767504912],[-121.59085819994513,38.151478159047805],[-121.59090589312368,38.151508320486336],[-121.5909507341575,38.151541097814707],[-121.59108918328063,38.151649817206597],[-121.59113378266167,38.151681587328838],[-121.59121444997872,38.151731766086755],[-121.59122893615148,38.151740226297889],[-121.59123191752914,38.151741967466151],[-121.59131110141993,38.151779407035669],[-121.59139451357349,38.151810599589211],[-121.59155596706114,38.151863551321725],[-121.59153738579583,38.151898878003209],[-121.5915257839671,38.15192543061994],[-121.59151462945462,38.151950961430735],[-121.59150012594601,38.152004855176045],[-121.59149409553982,38.152059745634183],[-121.5914966296709,38.152114805227903],[-121.59150768743855,38.1521692059084],[-121.59152710469561,38.152222125493438],[-121.59155458708426,38.152272768363424],[-121.59158972141729,38.152320370005931],[-121.59181312674862,38.152584344795898],[-121.59189971792462,38.152691064911025],[-121.59198102400778,38.152800347227576],[-121.5920569249907,38.152912026471668],[-121.59212730656253,38.1530259382899],[-121.5921920647186,38.153141911158045],[-121.59227644015756,38.15330128552722],[-121.59239796314181,38.153553590432047],[-121.59254313646814,38.153902700379831],[-121.59264562201098,38.154194455369755],[-121.5927252954373,38.154516517831986],[-121.59280678785936,38.154917246501938],[-121.59282594547834,38.155131834919572],[-121.5928225560331,38.155330254860644],[-121.59276862976247,38.155657209290759],[-121.59270582812505,38.155951953074997],[-121.59263427629296,38.156193035923387],[-121.59256540253628,38.156360833990576],[-121.59232955285869,38.156828369644067],[-121.59219920605781,38.157056730834881],[-121.5920759935171,38.157224335182342],[-121.59194153485417,38.157379386386076],[-121.59184588745309,38.157477369558499],[-121.59168895927326,38.157601950693021],[-121.59151414238282,38.15768713775423],[-121.5912667941779,38.157786370176439],[-121.59104915382119,38.157837439681352],[-121.59062774040405,38.157889571498337],[-121.59027650103096,38.157943739845585],[-121.58995489893046,38.157962258809071],[-121.5897081620637,38.157954229252709],[-121.58918546996991,38.157900521219851],[-121.58875787764421,38.157845364218019],[-121.58833701746832,38.157800955517509],[-121.58799977229006,38.157783660055792],[-121.58773494358901,38.15777198593053],[-121.58757406498422,38.157794649411755],[-121.58743566221059,38.157845996005783],[-121.5872924224756,38.157950955055895],[-121.58715330951298,38.158125648321565],[-121.586988900737,38.158368182909854],[-121.58680591420256,38.158691095087271],[-121.58659990532379,38.159080069227848],[-121.58630899119595,38.159665382634493],[-121.58611614743026,38.160125909330048],[-121.58584777240891,38.160727391438769],[-121.58579472761051,38.160895241663603],[-121.58563609871553,38.161311199254698],[-121.58547988773709,38.161700350814378],[-121.5854581724933,38.161759539375218],[-121.58523217461592,38.16226961597247],[-121.58517249230493,38.162391074886713],[-121.58492809764961,38.16275845537011],[-121.58473395585763,38.163049145890199],[-121.58435242198246,38.163637702415258],[-121.58416233793346,38.164008853033678],[-121.58403373913998,38.16431944441328],[-121.58387237132975,38.164814048028198],[-121.58375920510598,38.165196202819068],[-121.5836229268657,38.165658718496701],[-121.58348629516223,38.166182013937018],[-121.58337529516329,38.166580264096389],[-121.58329222402624,38.166848115333757],[-121.58320723920041,38.167055178411005],[-121.5830813840783,38.16728175772311],[-121.58296712815311,38.1674601118103],[-121.58283465430236,38.167656276745937],[-121.58258802710303,38.168012917755938],[-121.5823709693173,38.168346426550798],[-121.58196214093869,38.16894739069452],[-121.58172217514392,38.169325507581014],[-121.58150045403873,38.16968044952386],[-121.58136762785178,38.169935604531219],[-121.5812460185175,38.170208677184775],[-121.58114252352831,38.17048181563414],[-121.5809355207457,38.171029879577404],[-121.58079948480062,38.171445914279708],[-121.58068378627624,38.171869172280999],[-121.58065085120315,38.172079998788988],[-121.58064933604045,38.172339206904475],[-121.58065241279822,38.172587705921053],[-121.58069090632956,38.172975772493665],[-121.58076134326141,38.173322839405969],[-121.58085410247827,38.173725404974611],[-121.58095404252298,38.174061852470878],[-121.58108054142571,38.174503869353821],[-121.58116018661798,38.174825942323025],[-121.58118583802374,38.175087036687763],[-121.58118705850603,38.175265809264346],[-121.58115847419953,38.175507041990151],[-121.58109786233217,38.17580357650337],[-121.58102619948747,38.176053590949266],[-121.58084031278835,38.176473019192969],[-121.58060186826505,38.176972701293799],[-121.58047814602122,38.177217162855712],[-121.58027666285848,38.177591841829866],[-121.58013928810233,38.1778469791155],[-121.58000162977179,38.178150383293975],[-121.57968947901406,38.178858953116581],[-121.57945303127337,38.179401545476182],[-121.57923732890346,38.179881642797767],[-121.57904492154491,38.180250990017065],[-121.57887782288779,38.180552496170115],[-121.57876134569146,38.180718325135167],[-121.57861753416798,38.180910868554371],[-121.57848304175603,38.181058753402453],[-121.57833270677975,38.181204792734796],[-121.57812559512263,38.181377439354357],[-121.57792305320579,38.181542951197265],[-121.57765029289035,38.181709993363022],[-121.57742777602596,38.181805711273526],[-121.57709412836347,38.181927837017284],[-121.57664727111882,38.182044181748061],[-121.57624823689981,38.182116008249245],[-121.57585376343307,38.18218248724952],[-121.57549789699115,38.182231231143945],[-121.57524425118196,38.182228507410592],[-121.57487039413084,38.18225573129989],[-121.57450128591022,38.182245429259225],[-121.57390342548848,38.182236067908548],[-121.57328068471321,38.182221246514708],[-121.57261255219059,38.182222344735187],[-121.57207344875782,38.182234642776095],[-121.57177208362424,38.182258550442789],[-121.57150675074325,38.182316556318355],[-121.57124583088397,38.182394243276804],[-121.5708486044655,38.182541141476293],[-121.57044666570951,38.182718410040337],[-121.56993094879979,38.18298463735313],[-121.5694538378568,38.183233129732386],[-121.56885847859273,38.183559835760747],[-121.56846532020759,38.183781823798988],[-121.56785156508424,38.184153146476689],[-121.56716971699025,38.184547451711509],[-121.56670830980546,38.184817443570459],[-121.56632656929135,38.185021590327132],[-121.5659538001303,38.185240070191107],[-121.56551300564006,38.185470807178831],[-121.56507242625486,38.185665788351095],[-121.56474101491735,38.185786098694564],[-121.56455716741908,38.185849760487116],[-121.56409199414981,38.185991014732174],[-121.56356323923387,38.186158841661005],[-121.56303556306877,38.186324739685539],[-121.56776284363923,38.191096602213108],[-121.56838413184705,38.191654325285342],[-121.56846884888169,38.191627242582598],[-121.56883656622077,38.191499907040395],[-121.56919749679538,38.191370756695179],[-121.56951312537701,38.191241436769111],[-121.56987422496941,38.191083681154048],[-121.57016039450683,38.190956037663241],[-121.57043289693131,38.190840854781349],[-121.57076215374828,38.190704430222787],[-121.57098237719651,38.190619443188041],[-121.57148863581787,38.190428257479475],[-121.57198576816248,38.190247764195092],[-121.57243754478429,38.19007603618018],[-121.57278260612433,38.189946815738743],[-121.5732366860651,38.189767944684853],[-121.57360901023191,38.189624520481523],[-121.57403808621174,38.189459854232844],[-121.57447169997863,38.189293414922254],[-121.57489620992769,38.189134092449613],[-121.57522985364514,38.189019124005],[-121.57572001337596,38.18886540270563],[-121.57609898534781,38.18874523584585],[-121.57655058434091,38.188600307570802],[-121.57693189188205,38.188467632477035],[-121.57724061467511,38.188352567567975],[-121.5774450101423,38.188260358062657],[-121.57765402889684,38.188152076377882],[-121.57796765805391,38.18797267061732],[-121.57831997862628,38.187761227262371],[-121.57868134698306,38.18755160329065],[-121.57888364058761,38.187430780694243],[-121.57919273221236,38.187251355036771],[-121.57950634310427,38.187073732404272],[-121.57976774234173,38.186915583637052],[-121.58007457551008,38.186734359152766],[-121.58026094798433,38.186624201945222],[-121.58052687517332,38.186466067980263],[-121.58072226288643,38.186354025810402],[-121.5809700050219,38.186206549558477],[-121.58123371567581,38.186039466504532],[-121.58146565426955,38.185882994113165],[-121.58169313476503,38.185713990975174],[-121.58186836510669,38.185571612272987],[-121.58207780794632,38.185388242352275],[-121.58231462542562,38.185171003786522],[-121.58256741153301,38.184934159189417],[-121.58276775952628,38.184756117086366],[-121.58303421349598,38.184505019586915],[-121.58328923852987,38.18427175622729],[-121.58348740151369,38.184079403562627],[-121.58368097009138,38.183897759795698],[-121.58390193508987,38.183678674271071],[-121.58406824248108,38.183511232767309],[-121.58420962476399,38.183345489259395],[-121.58437375950405,38.18316195071462],[-121.58456535923403,38.182928455613322],[-121.58477524278089,38.182666424199084],[-121.58488473913988,38.18253095507356],[-121.58503760827448,38.182336649149661],[-121.58520874986564,38.182115592456611],[-121.58537532842728,38.181899883807453],[-121.58551677796902,38.181721624003586],[-121.58563543321544,38.181568311059159],[-121.58576546462811,38.181406100427388],[-121.5859525574553,38.181167223956678],[-121.5861533609457,38.180906944798174],[-121.58632217983704,38.180694816657223],[-121.5864887208418,38.180484468335834],[-121.58667122762773,38.180254513665112],[-121.58680354949763,38.180086946302573],[-121.58695419427417,38.179883691437652],[-121.5871024390175,38.179703667691065],[-121.58724161566452,38.179525398588204],[-121.587383055876,38.179347138336261],[-121.58756100670458,38.179120739751205],[-121.58773441763852,38.178896112883272],[-121.58793745315315,38.178639413390272],[-121.58819756505748,38.178302473057265],[-121.58834355970829,38.178118864137275],[-121.58849437032215,38.177885216854349],[-121.58855826280714,38.177801424072442],[-121.58871337497843,38.177607121449718],[-121.588868538678,38.177403880313427],[-121.58901238849145,38.177198810346418],[-121.58914028235583,38.177011561154707],[-121.58925680118666,38.176833208837039],[-121.58938707164391,38.176626301732611],[-121.58954700513101,38.176380172497176],[-121.58975726138981,38.176046625687555],[-121.5900201416746,38.175618518983498],[-121.59021203985934,38.175326022892982],[-121.59043356066887,38.175001453496201],[-121.59072588129436,38.174571662653854],[-121.59107755643063,38.174058060853369],[-121.59133170917923,38.17356913909677],[-121.59160381157528,38.173108883305005],[-121.59190078909383,38.172654078005209],[-121.59213852175114,38.172263419746038],[-121.59244479334782,38.171765741831081],[-121.59271651755286,38.171369838960992],[-121.59290810935175,38.171127392852839],[-121.59307456942246,38.170924185323379],[-121.59324566026254,38.170715981452119],[-121.59357970993656,38.170286197789473],[-121.59372702446032,38.170073767054149],[-121.59387104807898,38.169832938842802],[-121.59397406875716,38.169634870034081],[-121.59405867040292,38.169490366200371],[-121.5941569700413,38.169326247195656],[-121.59426887424135,38.16915859958867],[-121.59440128032027,38.168969571573953],[-121.59452446490211,38.168809115524375],[-121.59462714784752,38.168670037893179],[-121.59481185346466,38.168441864977083],[-121.59497596620979,38.168251161492897],[-121.59508048064983,38.168136854075065],[-121.59518009742746,38.16813958906841],[-121.59527083338666,38.168111304444416],[-121.59537999083831,38.168028263543988],[-121.59552877515368,38.167878621350681],[-121.59565940281689,38.16773606633992],[-121.59581120408488,38.167586434387957],[-121.59597187349426,38.167470202683518],[-121.59615061775635,38.167361187122083],[-121.59629008531218,38.167256799170559],[-121.59638138721037,38.167134331875836],[-121.59644225198336,38.167047875689406],[-121.59653203683688,38.166920338241525],[-121.59669552969345,38.166838678413043],[-121.59722458654406,38.166577742014688],[-121.59759001987479,38.166421704839408],[-121.59787366766759,38.166313647900921],[-121.59822321786727,38.166162915248037],[-121.59859538843099,38.166015836899504],[-121.59878604752033,38.165934267956324],[-121.59914459164115,38.165794291491146],[-121.59936473495657,38.1657038857903],[-121.59956677362906,38.165611630255086],[-121.59979847657813,38.165478359782185],[-121.60001427866136,38.165353972974408],[-121.60024818285902,38.165231435970441],[-121.60054560616457,38.165087666416767],[-121.60086564989474,38.164947550112743],[-121.60121967729719,38.164803975095353],[-121.60162589890592,38.164639128024717],[-121.60181650014543,38.164566492376288],[-121.60208654919718,38.16445837808196],[-121.60241793804943,38.164312934705606],[-121.60287641827273,38.164114297172667],[-121.60333937637695,38.16392461173448],[-121.60351413515868,38.163850131361805],[-121.60364804995861,38.163791599706144],[-121.60390909405071,38.163672723444066],[-121.60408384176012,38.163600030410194],[-121.60421084372214,38.163562925947673],[-121.60429999828789,38.163544511406975],[-121.60440384940476,38.163511383779436],[-121.60462081206089,38.163474925844959],[-121.60491800535951,38.163416419250439],[-121.60515618219894,38.163378171917159],[-121.60548394133573,38.163330930546053],[-121.60564431829123,38.163301716143934],[-121.60576928090127,38.163285402366611],[-121.60634224139407,38.163207373830168],[-121.60644127669211,38.163192830953626],[-121.60700470236536,38.163135229881853],[-121.60736540144302,38.16309553594558],[-121.60774267581441,38.163041015828036],[-121.60825191867823,38.162981362790333],[-121.60853492937393,38.162930239826522],[-121.60881072804605,38.162905134127293],[-121.608994683475,38.162872275489406],[-121.60919747563193,38.162841340820869],[-121.60956052931782,38.162801648911646],[-121.60973977067869,38.162768772193658],[-121.61007921269234,38.162738299215214],[-121.610281923174,38.162722243901406],[-121.61056004744458,38.16270272280488],[-121.61076522487619,38.162666213435436],[-121.61091607269265,38.162655561625492],[-121.61129312928287,38.162640093753751],[-121.61143223647269,38.162621961299635],[-121.61177633906243,38.162600799678131],[-121.61199782646324,38.162597826809588],[-121.61237256770212,38.162574906379774],[-121.61268835690896,38.162561086996568],[-121.61295460995423,38.162558262913855],[-121.61328208951579,38.162561223053409],[-121.61347522384509,38.162573033614308],[-121.61348772001922,38.162573712495316],[-121.61354824006567,38.162576999398624],[-121.61365653853693,38.162592244495777],[-121.61373597861767,38.162606400787446],[-121.6150940734307,38.162674279990647],[-121.61527800010118,38.162694645664587],[-121.61554017940584,38.162723674899695],[-121.61574348785712,38.162744857696758],[-121.61597677596541,38.162769162593811],[-121.61619805370577,38.162792216195605],[-121.61632907243678,38.162805866115043],[-121.61657732393526,38.162831728634309],[-121.61667304103668,38.162841700307325],[-121.6167442839206,38.162871631249686],[-121.6167954946079,38.162770050762575],[-121.61681528183411,38.162730799803192],[-121.61683514976002,38.162691389654668],[-121.61695331433255,38.162456998135966],[-121.61710120578952,38.162163636910755],[-121.61718480344464,38.161997810084067],[-121.61726840071336,38.161831983199612],[-121.6173519975957,38.161666156257425],[-121.61743559295063,38.16150032925362],[-121.61751918906016,38.161334502195899],[-121.61760278478329,38.161168675080432],[-121.61768638012005,38.161002847907213],[-121.61776997507516,38.16083701977535],[-121.6178580116508,38.160650382641947],[-121.61895929739526,38.158315573695788],[-121.61965186759207,38.156847191745229],[-121.61957469025481,38.156827726450913],[-121.61943841113873,38.156793355337662],[-121.61907325098359,38.156701272649222],[-121.61907326138564,38.156701247459182],[-121.61857044763283,38.156574418456486],[-121.61847257497226,38.156549730838371],[-121.61842082380147,38.156536676786388],[-121.6183362807095,38.156515401609425],[-121.6183366968537,38.156512882346433],[-121.61834346748159,38.156471833993386],[-121.61834385150452,38.156468060608503],[-121.61834713661189,38.156435808533494],[-121.61834578239133,38.15636372428451],[-121.61833399102525,38.156292292790937],[-121.61832206892585,38.156245229480263],[-121.61830834535533,38.156210174237664],[-121.61827740803531,38.156142453899555],[-121.61824466197066,38.156088115428716],[-121.6182101329576,38.156041664484079],[-121.61810821161018,38.155916731985606],[-121.61804249482526,38.155849927674971],[-121.6179836434838,38.155799963613788],[-121.6179212953837,38.155753420240295],[-121.61783812053203,38.155699943026022],[-121.61776877390047,38.155661613013045],[-121.61771327529785,38.155635342099288],[-121.61731423979808,38.155471324588376],[-121.6172656677265,38.15545022497912],[-121.61721190405336,38.155424304627033],[-121.61714429603555,38.155386323252188],[-121.61707844465225,38.155344573024038],[-121.6170178311952,38.155299406961241],[-121.61696071169395,38.155251165203197],[-121.61689672429056,38.155186425389118],[-121.61683797693256,38.155117238258327],[-121.61665507480922,38.154854399456148],[-121.61658612069762,38.154743304721002],[-121.61637936401367,38.154389430270534],[-121.61634838272414,38.154330634220841],[-121.61632776520054,38.154284228186512],[-121.61630550123186,38.15422099916271],[-121.61629184877988,38.154172900180122],[-121.61628002494172,38.154107990697284],[-121.61627168030635,38.154042748680695],[-121.61627020295742,38.153993661493381],[-121.61627403268966,38.153927773604238],[-121.61627951045911,38.153879051939086],[-121.6162973302438,38.153798109361404],[-121.61632383413571,38.153718910094334],[-121.61633442747542,38.153694738954322],[-121.61652689617483,38.15325393469049],[-121.61653154511245,38.153242851427095],[-121.61654217946675,38.153204787144986],[-121.61655462695114,38.153153001402373],[-121.61656374131762,38.153074431513375],[-121.6165640219202,38.153021916966281],[-121.61655908544769,38.152969385037402],[-121.61655233880252,38.15293023494867],[-121.61654044569092,38.15287871043936],[-121.61652332958681,38.152827854089857],[-121.61650272957876,38.152778016727197],[-121.61647690976324,38.152729535797185],[-121.61644586490679,38.152682751808719],[-121.6164130711352,38.152637679046286],[-121.61636467441778,38.15258397344985],[-121.61631104579618,38.152533683616603],[-121.61625217819467,38.152487493277938],[-121.61619499859069,38.152450576718131],[-121.61569937542589,38.152145161061441],[-121.61559542497132,38.152076510618841],[-121.61549322576779,38.152005120073028],[-121.61478491510225,38.151483438735816],[-121.6147450929399,38.151452415407],[-121.6146966360516,38.151410722046229],[-121.61465341048826,38.151365956188236],[-121.61462230289315,38.151331185538019],[-121.6145860498295,38.15128266834644],[-121.61455328665981,38.151232446669717],[-121.61452574742179,38.151180525418162],[-121.61450169348684,38.151126902375147],[-121.6144880034087,38.151086354178261],[-121.61447605632983,38.151044783022243],[-121.61446758645847,38.151003223513989],[-121.61445927264209,38.150932831195441],[-121.61445791091937,38.150862464870066],[-121.61446702132106,38.150784581612065],[-121.61448132947076,38.150710491323835],[-121.61450961705908,38.15062306179486],[-121.61454484786381,38.150537714009928],[-121.61459049234981,38.150455491084564],[-121.61462378347802,38.150407550924434],[-121.61467105921622,38.150345927380478],[-121.6147235313114,38.150287066173547],[-121.61478120589516,38.150231311450369],[-121.61482662375855,38.150191649404888],[-121.61487550310908,38.150154058320716],[-121.61520186257903,38.149923467219793],[-121.61528914255194,38.149858201626969],[-121.61535027096416,38.149806234627754],[-121.61540620058979,38.149751503462184],[-121.61546040075592,38.149695051229763],[-121.61549364314098,38.149656033804938],[-121.61554090800047,38.149595782806387],[-121.61558470485558,38.149533803141551],[-121.61561101010059,38.149491330186564],[-121.61564612874379,38.149426575652797],[-121.61567776950235,38.14936215452849],[-121.61591168639779,38.148834332335127],[-121.6137228779823,38.148557965974796],[-121.6136774790365,38.148552232672976],[-121.61009287169192,38.148099530907828],[-121.60227829396273,38.147112216274436]]]},"properties":{"OBJECTID":23,"DISTRICT":"Andrus Island 407","FEE_ID":null,"Link":"http://www.balmd.org/reclamation-levee-maintenance-district.html?id=34","Daytime_Phone":"(916) 776-2544","Nighttime_Phone":null,"Shape.STArea()":76082049.460160747,"Shape.STLength()":57180.91816287375}},{"type":"Feature","id":24,"geometry":{"type":"Polygon","coordinates":[[[-121.64653632841409,38.171868040025728],[-121.646756053267,38.171854412215119],[-121.6471705903914,38.171827080783913],[-121.64744691608472,38.171815414257544],[-121.6478296189737,38.171814798352884],[-121.64823491413088,38.171824976013227],[-121.64879860746579,38.17185887453445],[-121.649158561931,38.171879636403396],[-121.64957957717947,38.171916671732674],[-121.64995074007453,38.171960705972253],[-121.65023587150705,38.172000901184326],[-121.65056395829616,38.172055528353738],[-121.65096887252724,38.172144352278345],[-121.65123352872094,38.172204147196517],[-121.65164739777282,38.172314449257769],[-121.65211546933639,38.172455303702215],[-121.6526378210916,38.172610620504486],[-121.65313075275765,38.172762271622666],[-121.6535807303366,38.172899490010472],[-121.65403294150681,38.173043863580212],[-121.65442410552289,38.173168388765987],[-121.65484688882772,38.173310882554787],[-121.65526514450153,38.173453362130459],[-121.65540986708824,38.173496699517401],[-121.65563365144233,38.173581390012458],[-121.65583709670086,38.173657079901439],[-121.65612187941181,38.173772342752336],[-121.65649249098165,38.173934339791998],[-121.6569173418215,38.174119738023613],[-121.65742132662535,38.174332183794483],[-121.65764506249219,38.174427596025041],[-121.65785753066679,38.174512248535095],[-121.6580813455015,38.174591570554],[-121.65827355109406,38.174651134950388],[-121.65843872766747,38.174680227873502],[-121.65863116347546,38.1746915244657],[-121.65881006333984,38.174692054822359],[-121.65901165147697,38.174683713641876],[-121.65933563530112,38.17465249544113],[-121.65965738865391,38.17461411770276],[-121.65993384168949,38.174577393490949],[-121.66022166811115,38.174529976389231],[-121.66054578720126,38.174470151561763],[-121.66100598769494,38.174366034306424],[-121.66128715412889,38.17428999311327],[-121.66153669267584,38.174197767756098],[-121.6617816338087,38.174119829714279],[-121.66213320865023,38.173999300084702],[-121.66254150659158,38.173855696756576],[-121.66296953013648,38.173706374242265],[-121.66333244159621,38.173582298591768],[-121.66366137417759,38.173459910765089],[-121.66386104600215,38.173376473150995],[-121.66427409933678,38.173182822390835],[-121.66469621735227,38.172987409230331],[-121.6652613205643,38.17272269004328],[-121.66582191648271,38.172452592121509],[-121.66596947461372,38.172374363375837],[-121.66611708120338,38.172285407891103],[-121.66622154616742,38.172221354284545],[-121.66630106147245,38.172166167623139],[-121.66649199114815,38.172012980692507],[-121.66683973362726,38.171738686334393],[-121.66717611788997,38.171471508329049],[-121.66753976462995,38.171184743847341],[-121.66766480612094,38.171077844313892],[-121.66779897889911,38.170954882315144],[-121.66794912790313,38.170805149974321],[-121.668169835352,38.170576964774739],[-121.66843161622238,38.170280965382567],[-121.66866835341567,38.17001349603013],[-121.66878897763429,38.169881556348415],[-121.66895284749265,38.169701472175255],[-121.66909177542016,38.169528468103749],[-121.66921030718682,38.169358979020956],[-121.66928799691094,38.16920725030208],[-121.66945063780658,38.168801915900431],[-121.6696566215641,38.168326987179981],[-121.66985112220183,38.167885989872396],[-121.67001123813688,38.167536065563759],[-121.67021970737036,38.167011086986747],[-121.67041431822915,38.166545061997759],[-121.67056098962352,38.166162920245931],[-121.6707694519817,38.165637941653856],[-121.6708975792163,38.165348704750464],[-121.67104190686574,38.164982645319775],[-121.67119304312554,38.164613029615829],[-121.67132124871505,38.16430591560588],[-121.67143798463972,38.164030947867197],[-121.67162090655201,38.163641757249209],[-121.67179204745372,38.16335264303973],[-121.67195845285477,38.163108206435872],[-121.67217260216549,38.162821001580781],[-121.672436822316,38.162476733500093],[-121.67264637398168,38.162203816045611],[-121.67283325783102,38.16193619668033],[-121.67301810467644,38.161618517013821],[-121.67320521358988,38.161300842587657],[-121.67334881443904,38.161090304860402],[-121.67345353326178,38.160965464658013],[-121.67358783172362,38.160808530928115],[-121.67386764305905,38.160517933665837],[-121.6741997203977,38.160184580601616],[-121.67447725505708,38.15989576277493],[-121.67477973963575,38.159596289924302],[-121.67509592722101,38.15927003874549],[-121.67529518838205,38.158995382219288],[-121.67541373682859,38.158820915169457],[-121.67561247556365,38.158620640668133],[-121.67594273204705,38.158502556920958],[-121.67648534992809,38.15829581014016],[-121.67720720431544,38.158033775402785],[-121.67768447449096,38.157692948659729],[-121.67831296554986,38.157240967165507],[-121.67896058798848,38.156722091940082],[-121.67945752809277,38.156191635370377],[-121.67985055754762,38.155724112607949],[-121.68022061186592,38.155126355207898],[-121.68064780886336,38.154387425780314],[-121.68103716920272,38.153681862735496],[-121.68129854468778,38.153158183868698],[-121.68157915112943,38.15254529762661],[-121.6817889254982,38.151973125243551],[-121.68196553014121,38.151445490873151],[-121.68200642262549,38.151094502335894],[-121.68207527223591,38.150883747509219],[-121.68217704821519,38.150394207536927],[-121.6822651545497,38.14992429395528],[-121.68241046050277,38.148805616358935],[-121.68245905111186,38.148567990160764],[-121.68253339739054,38.148137366884377],[-121.68263772211637,38.147581690944477],[-121.68269562615738,38.14728509781304],[-121.68277447361483,38.146859849738718],[-121.68288764444132,38.146350676615086],[-121.68302111608706,38.145857648866048],[-121.68318267330538,38.145155540741762],[-121.68331431023658,38.144564185885905],[-121.68345257117421,38.144010388374269],[-121.68359510519024,38.143513810391738],[-121.68378552528297,38.142936917142649],[-121.68385877897084,38.142751201529194],[-121.68393180169676,38.142617326660364],[-121.68410049994412,38.142346065235031],[-121.68431249464803,38.142008777848872],[-121.68448570276237,38.141741102906771],[-121.68464068930061,38.141498405723233],[-121.6848526879549,38.141159329173959],[-121.68503973821386,38.140830911514577],[-121.6852085927313,38.140522107057642],[-121.68530225695056,38.140325719782901],[-121.68545544584323,38.139975756484944],[-121.68558814290908,38.139652552272025],[-121.6857096556728,38.139298926562518],[-121.68583542833373,38.13900609218917],[-121.68596344845038,38.138716840273823],[-121.68609407338124,38.138348937783825],[-121.68617235823436,38.138045248677606],[-121.68620943226475,38.137848706373802],[-121.68624212751473,38.137618186672391],[-121.6862475922931,38.137403681331087],[-121.68623086068402,38.137089007346496],[-121.6861963193675,38.136706353004527],[-121.68614883180761,38.136178862256301],[-121.68610125894645,38.135671036343098],[-121.68606020287906,38.135225795331436],[-121.68602581080002,38.134809175983015],[-121.68599787483578,38.134469442653923],[-121.68597943936176,38.134267770804875],[-121.6859676348968,38.134138643259085],[-121.68594157789934,38.133886511895504],[-121.68592922663994,38.133605813578754],[-121.68593277338117,38.13331264650931],[-121.68595404943326,38.133105336438923],[-121.68598695449158,38.13282655079864],[-121.68604025247208,38.132542457040394],[-121.68610232088641,38.132322743411173],[-121.68617354392551,38.132079815933828],[-121.68629976183367,38.131681511625139],[-121.68643507182905,38.131274293568694],[-121.68656596961502,38.130840247220931],[-121.68664844313804,38.13061165052617],[-121.68679492462621,38.130236640633314],[-121.68692506986223,38.129974208110482],[-121.68710525328186,38.129654707346155],[-121.68735830656908,38.129231718990532],[-121.6878098567642,38.128439222216088],[-121.68817933579369,38.127782365690194],[-121.68858301020069,38.127066604608139],[-121.6888408277144,38.126584634565354],[-121.68914896978416,38.125977662293238],[-121.68947540507267,38.125326047509539],[-121.68974253983858,38.124779742776582],[-121.69002785141133,38.124215610542088],[-121.69024696451599,38.123783587244141],[-121.69044549632774,38.12339977483029],[-121.69060549986388,38.123104208306081],[-121.69190222042836,38.120758408096897],[-121.69412492806966,38.117332745889733],[-121.69696321797782,38.113794280526804],[-121.69848891756625,38.112482846891808],[-121.69914292565495,38.111884030769325],[-121.69986954879371,38.111228208165969],[-121.70023351258902,38.11074301525251],[-121.70034328498204,38.110457335124906],[-121.70023554216007,38.110256878509325],[-121.70038186513759,38.109885504225232],[-121.70052794806517,38.109571322376858],[-121.70077761820444,38.109483963960436],[-121.70092713791624,38.109314992006077],[-121.70085796968081,38.108542704997831],[-121.70071606200915,38.107856018131017],[-121.70035509948201,38.107626305430244],[-121.70028498414162,38.107082788583966],[-121.6988406914918,38.106278311762537],[-121.69757581753235,38.105846044108759],[-121.69609212265097,38.105813536965293],[-121.69527469847138,38.10682192475516],[-121.69499899400425,38.107555033228884],[-121.69456031618682,38.108583346279381],[-121.6940498509948,38.109468483335952],[-121.69397624717294,38.10975425372321],[-121.69353851884743,38.110553791861264],[-121.69284693656797,38.111467038226927],[-121.69201031541158,38.112437084670752],[-121.6915022487657,38.112750285625175],[-121.69139219186593,38.11309315000441],[-121.69055676457404,38.113777223887716],[-121.68859667357398,38.115058780692806],[-121.68772599668227,38.115513966597852],[-121.68642133395252,38.115882173281577],[-121.68508071334423,38.11619307347609],[-121.68403002713883,38.116418964462113],[-121.68373806679737,38.11696149811452],[-121.68406005763978,38.117820280888729],[-121.68405225530677,38.119593250729324],[-121.68375310095492,38.121765771968434],[-121.68357478859271,38.122575433216561],[-121.68341546258071,38.122806219533409],[-121.68313345594549,38.123106096722012],[-121.68291748449053,38.123304287001886],[-121.68277447704681,38.123404001613245],[-121.68259077556498,38.123494666271185],[-121.68240494555832,38.123554933102696],[-121.68211736191161,38.123597043499544],[-121.68188189731065,38.123623206924378],[-121.68163962685855,38.123652926575822],[-121.68142899066109,38.123693459952342],[-121.68118198039522,38.12377143308769],[-121.68092145461708,38.123835066037941],[-121.68072441078569,38.123872061185736],[-121.68036891961435,38.123917552472989],[-121.67997954134833,38.123950436252571],[-121.67960831307487,38.123972642636964],[-121.67917376926883,38.123983944636478],[-121.67894062081284,38.12399759545913],[-121.67873913732407,38.124014909784783],[-121.67829092756529,38.124045835322605],[-121.67764576767034,38.124092296000676],[-121.67717488691819,38.124132091171241],[-121.67665647532814,38.124173539953652],[-121.67608367146669,38.12423270827783],[-121.67550630812526,38.124299012880165],[-121.67504442869907,38.124349551359224],[-121.67455080256607,38.124414299453043],[-121.6737922353619,38.124515835430493],[-121.6732918333192,38.124576983372101],[-121.6729160013446,38.124615244601287],[-121.6725764324711,38.124641092965142],[-121.67237046950162,38.1246476576666],[-121.67218946435942,38.124639990943209],[-121.67194287262859,38.124623199413634],[-121.67164889044142,38.124577669550192],[-121.67129853833249,38.124487284932897],[-121.67096410087591,38.124380857970898],[-121.67062969130902,38.124269064546496],[-121.67039251476432,38.124173640077878],[-121.67011013670657,38.124065569751792],[-121.66986619861693,38.12396476194084],[-121.66970577543604,38.123910670995421],[-121.6695837069805,38.123881717903323],[-121.66944572462651,38.123868807553414],[-121.66927141162678,38.123882608727527],[-121.66902226509811,38.123930158878103],[-121.66884338331492,38.123952883769185],[-121.6686215643975,38.123962970752657],[-121.66830927694053,38.123962070766176],[-121.668001514537,38.123961182991138],[-121.66775484452336,38.123962259072179],[-121.66754207779719,38.123972370118004],[-121.66725224496467,38.124009072217888],[-121.66699632338327,38.124053023746086],[-121.6667585051253,38.124097027148295],[-121.66658864969446,38.1241251375506],[-121.66641655766193,38.124147878350335],[-121.66622635241511,38.124172353663248],[-121.66602717893905,38.124178926704211],[-121.66589144254607,38.124169593254869],[-121.66568336763974,38.124143961745702],[-121.66543251120848,38.124071726066241],[-121.6652608512447,38.124001507631824],[-121.66506451730427,38.123884738625762],[-121.66485046207315,38.123685684630672],[-121.66460948001546,38.123438284135716],[-121.6643956625137,38.123189175067509],[-121.66423812638357,38.12300279876488],[-121.66399713198939,38.12275897340389],[-121.66378522948533,38.122584950732389],[-121.66355292043623,38.122419806401055],[-121.66331848412544,38.122226052821134],[-121.66309313248527,38.122025174282143],[-121.66291741757009,38.12185661975851],[-121.66261364895426,38.121489258028213],[-121.66227375450079,38.121105701752036],[-121.66199236977091,38.120792033665445],[-121.66183481146035,38.120612804213224],[-121.6616996214709,38.120489058108674],[-121.6615844864085,38.120431513453745],[-121.66147146220513,38.120406153889647],[-121.66137418561844,38.120400504711959],[-121.66125193248803,38.120412658723438],[-121.66108206787931,38.120444336480645],[-121.66087370035413,38.120483050672703],[-121.66060414306976,38.120541248111849],[-121.66032794919875,38.120567248130051],[-121.66009937654584,38.120571936742344],[-121.65992519677999,38.120558907993697],[-121.65971044548733,38.120511793553277],[-121.65949343320507,38.120464672018763],[-121.65917483098099,38.12036719511044],[-121.65890832503655,38.12025914517038],[-121.65861477701783,38.120127774676256],[-121.65829415218319,38.119980234405972],[-121.6579305766885,38.119823627118038],[-121.65762125292161,38.119679694118652],[-121.65732542050291,38.11955367729685],[-121.65707249805946,38.11944566356059],[-121.65668845315611,38.119312231002439],[-121.65634950250812,38.119212896401223],[-121.65606926475249,38.119138765167826],[-121.65578218047982,38.11907712581683],[-121.65546795233095,38.119013616230376],[-121.65508136580122,38.118939164011969],[-121.65469477147684,38.11886649779089],[-121.6543806054496,38.118790472363017],[-121.65416147501078,38.118714731837059],[-121.65391532262575,38.118612095267629],[-121.65370307854296,38.118516710443082],[-121.65342097336838,38.1183621214346],[-121.65318632607867,38.118220189682575],[-121.65297876433416,38.118092638639965],[-121.65282756557193,38.118008162073679],[-121.65262662021391,38.11791638490449],[-121.6524527684293,38.117837203200558],[-121.65223371335134,38.117747157047233],[-121.65209823345576,38.117687754950374],[-121.65165782109661,38.117516594113312],[-121.65138298019959,38.117427469239864],[-121.65123147963121,38.117405558527018],[-121.65104362003767,38.117415714515076],[-121.65093482587577,38.11745292538405],[-121.65081908701046,38.117522293166154],[-121.65071232876787,38.117605989379435],[-121.65059406498524,38.117728977931961],[-121.65045747245054,38.117898391848826],[-121.65030940973008,38.118099947938788],[-121.65015917851824,38.118281832205305],[-121.64996364688201,38.11847251775513],[-121.64976607859563,38.118616716497236],[-121.64958463736214,38.118701972496211],[-121.64931040331879,38.118790519099839],[-121.64900462092862,38.118852156259301],[-121.64869664450296,38.118899481925048],[-121.64837975715824,38.118918177870654],[-121.648053959271,38.118908243121389],[-121.64759697970995,38.118885392587302],[-121.64710606812564,38.118860647922112],[-121.64659482628595,38.118828687612279],[-121.64625092676144,38.118818692140465],[-121.64601797278472,38.118794736721938],[-121.64568094994115,38.11876688387958],[-121.6452601688861,38.118745922872776],[-121.64485515610298,38.118739310291616],[-121.64453609347835,38.118740112105705],[-121.64433240838423,38.118746632698901],[-121.64405403065568,38.118756498278231],[-121.6438209646053,38.118755776856929],[-121.64358338931646,38.118751465446039],[-121.64333454439945,38.118738180188011],[-121.64298612879904,38.118726373628128],[-121.64267171662357,38.118702157683742],[-121.64244330901488,38.118674633598197],[-121.64199106246738,38.118610658067738],[-121.6415230249038,38.118537694034096],[-121.6412403998271,38.118492120853439],[-121.6409645465439,38.118450144560953],[-121.64067508925083,38.118413487980611],[-121.64039692053845,38.11838222792948],[-121.64015942733278,38.118361820191751],[-121.63981553093689,38.1183518063824],[-121.63944227904581,38.118329184672433],[-121.6390283264941,38.118301072069009],[-121.63865056956922,38.11827485810516],[-121.63807155205618,38.118222983713224],[-121.6377956024599,38.118200662764608],[-121.63750149675842,38.118189009678041],[-121.63718927998507,38.118179088743105],[-121.63687251037246,38.118174512755239],[-121.63661010934754,38.118157595500897],[-121.63610349474665,38.118107727222508],[-121.63587955275945,38.118092716380673],[-121.63561262759904,38.118075782528564],[-121.63541131484847,38.118060843357036],[-121.63509471849761,38.118022298478159],[-121.63485047621988,38.117994708169192],[-121.63454298552462,38.117945464033859],[-121.63439832378556,38.117914615348262],[-121.63420170830975,38.117865723543112],[-121.634016418408,38.117815079211887],[-121.63379499654349,38.117750018271714],[-121.633564496137,38.11769029175553],[-121.63331364094643,38.117628711668431],[-121.63307405323499,38.117576105392473],[-121.63283891051211,38.11753960141516],[-121.63251555720278,38.117495664990692],[-121.63227363609803,38.117457350878269],[-121.6320181379515,38.117418992823836],[-121.63177164575846,38.117389602349469],[-121.63155683183577,38.117360311015887],[-121.63129678915503,38.117325512348131],[-121.63100968861363,38.117272749463559],[-121.630702194447,38.117225283260346],[-121.63039024049819,38.117165287939116],[-121.63017543701216,38.117134207633846],[-121.62994027878106,38.117101273221266],[-121.62974125876235,38.11708096862143],[-121.62960775784164,38.117080538826194],[-121.62944463717119,38.117119341781098],[-121.62929714472364,38.117199311415092],[-121.62918344454408,38.117307993281564],[-121.62906484996169,38.117488164802289],[-121.62897576999387,38.117648767247658],[-121.62887996733335,38.117796834873303],[-121.62875499901867,38.117896540654243],[-121.62861901119331,38.117939004661309],[-121.62841767138134,38.117929416929861],[-121.62820507439265,38.117909064916745],[-121.628092669094,38.117897337091506],[-121.628001542642,38.118047006446332],[-121.62792803565497,38.118146992157598],[-121.62782318214251,38.118259576855543],[-121.6277254118805,38.118346440256957],[-121.6276416624745,38.118410697518648],[-121.62755098483005,38.118470469384107],[-121.62719714895402,38.118673546545267],[-121.62697752152876,38.118800173262905],[-121.62682581399606,38.118899218210053],[-121.6267124077437,38.118985001245861],[-121.62625165245046,38.119361746668112],[-121.62615213493436,38.11944997780396],[-121.62605954592846,38.119542349250558],[-121.62597215166925,38.11963851305714],[-121.6258654488916,38.119771683860677],[-121.6257953920463,38.119875452306033],[-121.62570949329032,38.120017959686358],[-121.62565504618945,38.120127616471557],[-121.62552133080439,38.12044158186265],[-121.62541204888649,38.120735375141194],[-121.62536076665796,38.120904421995064],[-121.62527742073696,38.121223355505123],[-121.62517380328866,38.121763265603605],[-121.62517200626722,38.121774585476629],[-121.62501474126726,38.122602979015106],[-121.62497020337864,38.122811517514279],[-121.62472532163179,38.123776917618734],[-121.62469485144578,38.123953583227568],[-121.62468032655309,38.124071949734102],[-121.62466692435808,38.124309079734381],[-121.62467120573756,38.124487230749459],[-121.62469082486506,38.124723782031516],[-121.62476357655987,38.125102948536238],[-121.62480110805504,38.125237960862343],[-121.62481817094256,38.125298425225552],[-121.62487820130981,38.125451701261774],[-121.62495215371115,38.125601593045666],[-121.62524509330034,38.126084787733227],[-121.62529499773454,38.126180025375064],[-121.62536014370511,38.126351853226787],[-121.62539585234003,38.126503679576146],[-121.62541082634226,38.126631752737403],[-121.62541029082813,38.126734378078709],[-121.62537572521842,38.127363067253299],[-121.62532885836872,38.128017457862263],[-121.62531605431272,38.128139606556196],[-121.62529277469908,38.128270988381338],[-121.62525178610828,38.128464780646297],[-121.62518793422888,38.128710327270532],[-121.62507479113316,38.129075159603033],[-121.6249848893667,38.129315470065109],[-121.62469954298207,38.130037729292873],[-121.62465909377055,38.130127868131346],[-121.62461514787546,38.130222113425553],[-121.62450815346079,38.130407110208907],[-121.62438034729701,38.130583458164622],[-121.62395195994262,38.131069447589866],[-121.62380671853181,38.131255349326914],[-121.62372963023687,38.131371451849354],[-121.62366162536146,38.131489623605653],[-121.62366121905667,38.131490329459872],[-121.62365356752345,38.131505513825367],[-121.6235997450988,38.131612319713241],[-121.62354694965008,38.13173639682168],[-121.6234163262895,38.132117299682442],[-121.62336653459444,38.132331314140423],[-121.6229844224144,38.133931242036134],[-121.62293679368678,38.134063915729442],[-121.62285344088087,38.134379417524507],[-121.62274034440819,38.134731202513976],[-121.62237843918481,38.135789231257242],[-121.62233766236746,38.135940462644676],[-121.62231945041138,38.136098290397456],[-121.62231894472585,38.136194393644892],[-121.62232713138955,38.136290524524824],[-121.62234401060851,38.136386000175804],[-121.62236958881357,38.13648047197789],[-121.62240212682001,38.136573251357412],[-121.62244337107578,38.136663657575426],[-121.62253470100136,38.136816008029378],[-121.62334584889766,38.13792971310189],[-121.62343728091371,38.138062841298613],[-121.6235217259042,38.138202469769908],[-121.62359572821902,38.138344809874781],[-121.62370048633645,38.138588848059591],[-121.62374837417119,38.138738654665502],[-121.62379772706853,38.138940635490208],[-121.62382299819458,38.139093800440868],[-121.62383957654821,38.139247623434528],[-121.62384398202846,38.139402091296716],[-121.62383421292118,38.13960765708228],[-121.62378007884101,38.139986065818647],[-121.62362821412172,38.140768481273497],[-121.62361734009637,38.140852881671712],[-121.62361342108224,38.140937648052088],[-121.62361471371361,38.141022429678934],[-121.62362122549324,38.141106886948023],[-121.6236329512365,38.14119135947],[-121.62364482704602,38.141247001895849],[-121.62367380082381,38.141357619161589],[-121.62377152377223,38.141618107676173],[-121.6238385125029,38.141772438756369],[-121.62387288065868,38.14184874950913],[-121.62394857791038,38.142000019004357],[-121.62401574359265,38.142120712925077],[-121.62431201921336,38.142642705932417],[-121.62434638648337,38.142719361579161],[-121.62436690233903,38.142785329104441],[-121.62438212758646,38.142865695102437],[-121.62438691772026,38.142946713501132],[-121.62437953951917,38.143028035412165],[-121.62436347531458,38.143107956040943],[-121.62434317173748,38.143164429358137],[-121.62433524940256,38.143186464036937],[-121.62429660685734,38.143261848928617],[-121.62425804671317,38.143322132767395],[-121.62420379766917,38.143390600225253],[-121.6241391408975,38.143454232018158],[-121.62405184440287,38.143525681446519],[-121.62396982346442,38.143585823192609],[-121.62390353940994,38.143628168248242],[-121.62334203093104,38.14395720739018],[-121.62316247082255,38.144052038029898],[-121.62297599732246,38.144139294634499],[-121.62278608733085,38.14421898856758],[-121.62258926240465,38.144290766072046],[-121.62174117348142,38.144566687705215],[-121.62067003967509,38.144939686550224],[-121.62054117408796,38.144981136008319],[-121.62038274759858,38.145023176073614],[-121.620262657507,38.145048864588865],[-121.62018087278312,38.145063010425282],[-121.62001560091741,38.145085118123056],[-121.61989037474963,38.14509534384171],[-121.61980690416969,38.145099531011191],[-121.61968172569513,38.145101176756363],[-121.61955657040578,38.145098017191174],[-121.61878319603409,38.145050493419781],[-121.6186928147128,38.145046762545888],[-121.61860241220565,38.145046805283407],[-121.61851199076045,38.145050625243286],[-121.61842155037746,38.145058219722912],[-121.61833108875618,38.145069589615545],[-121.61821276027268,38.145090133353804],[-121.61809613705944,38.145117549076403],[-121.61798295550514,38.14515115338606],[-121.61787322014331,38.145190947209016],[-121.61776692821653,38.145236587313903],[-121.61766408312262,38.145288074622563],[-121.61758561107266,38.145333120525976],[-121.61743909379399,38.145423932401869],[-121.61738499904693,38.145461509000732],[-121.61733610728469,38.145501846932838],[-121.6171718879356,38.145651980588411],[-121.61706878680907,38.145750832572226],[-121.61692019541626,38.145904449302279],[-121.61678374226304,38.146063597984593],[-121.61665768708386,38.146228616097567],[-121.61654203769803,38.146398474905602],[-121.61637536794998,38.14668108695998],[-121.61631562981,38.146798616482982],[-121.6162786387619,38.146888763243481],[-121.61623799993194,38.147010818435298],[-121.61621490087141,38.147103757363595],[-121.61619521749138,38.147208377580029],[-121.616142818138,38.147578894641796],[-121.61612099209148,38.147759019724987],[-121.61608329675623,38.148305664045132],[-121.61606527059426,38.148425392008896],[-121.61604216465015,38.148519703826075],[-121.61601745049575,38.148589640773558],[-121.61591182728421,38.148834012995614],[-121.61567776950235,38.14936215452849],[-121.61564612874379,38.149426575652797],[-121.61561101010059,38.149491330186564],[-121.61558470485558,38.149533803141551],[-121.61554090800047,38.149595782806387],[-121.61549364314098,38.149656033804938],[-121.61546040075592,38.149695051229763],[-121.61540620058979,38.149751503462184],[-121.61535027096416,38.149806234627754],[-121.61528914255194,38.149858201626969],[-121.61520186257903,38.149923467219793],[-121.61487550310908,38.150154058320716],[-121.61482662375855,38.150191649404888],[-121.61478120589516,38.150231311450369],[-121.6147235313114,38.150287066173547],[-121.61467105921622,38.150345927380478],[-121.61462378347802,38.150407550924434],[-121.61459049234981,38.150455491084564],[-121.61454484786381,38.150537714009928],[-121.61450961705908,38.15062306179486],[-121.61448132947076,38.150710491323835],[-121.61446702132106,38.150784581612065],[-121.61445791091937,38.150862464870066],[-121.61445927264209,38.150932831195441],[-121.61446758645847,38.151003223513989],[-121.61447605632983,38.151044783022243],[-121.6144880034087,38.151086354178261],[-121.61450169348684,38.151126902375147],[-121.61452574742179,38.151180525418162],[-121.61455328665981,38.151232446669717],[-121.6145860498295,38.15128266834644],[-121.61462230289315,38.151331185538019],[-121.61465341048826,38.151365956188236],[-121.6146966360516,38.151410722046229],[-121.6147450929399,38.151452415407],[-121.61478491510225,38.151483438735816],[-121.61549322576779,38.152005120073028],[-121.61559542497132,38.152076510618841],[-121.61569937542589,38.152145161061441],[-121.61619499859069,38.152450576718131],[-121.61625217819467,38.152487493277938],[-121.61631104579618,38.152533683616603],[-121.61636467441778,38.15258397344985],[-121.6164130711352,38.152637679046286],[-121.61644586490679,38.152682751808719],[-121.61647690976324,38.152729535797185],[-121.61650272957876,38.152778016727197],[-121.61652332958681,38.152827854089857],[-121.61654044569092,38.15287871043936],[-121.61655233880252,38.15293023494867],[-121.61655908544769,38.152969385037402],[-121.6165640219202,38.153021916966281],[-121.61656374131762,38.153074431513375],[-121.61655462695114,38.153153001402373],[-121.61654217946675,38.153204787144986],[-121.61653154511245,38.153242851427095],[-121.61652689617483,38.15325393469049],[-121.61633442747542,38.153694738954322],[-121.61632383413571,38.153718910094334],[-121.6162973302438,38.153798109361404],[-121.61627951045911,38.153879051939086],[-121.61627403268966,38.153927773604238],[-121.61627020295742,38.153993661493381],[-121.61627168030635,38.154042748680695],[-121.61628002494172,38.154107990697284],[-121.61629184877988,38.154172900180122],[-121.61630550123186,38.15422099916271],[-121.61632776520054,38.154284228186512],[-121.61634838272414,38.154330634220841],[-121.61637936401367,38.154389430270534],[-121.61658612069762,38.154743304721002],[-121.61665507480922,38.154854399456148],[-121.61683797693256,38.155117238258327],[-121.61689672429056,38.155186425389118],[-121.61696071169395,38.155251165203197],[-121.6170178311952,38.155299406961241],[-121.61707844465225,38.155344573024038],[-121.61714429603555,38.155386323252188],[-121.61721190405336,38.155424304627033],[-121.6172656677265,38.15545022497912],[-121.61731423979808,38.155471324588376],[-121.61771327529785,38.155635342099288],[-121.61776877390047,38.155661613013045],[-121.61783812053203,38.155699943026022],[-121.6179212953837,38.155753420240295],[-121.6179836434838,38.155799963613788],[-121.61804249482526,38.155849927674971],[-121.61810821161018,38.155916731985606],[-121.6182101329576,38.156041664484079],[-121.61824466197066,38.156088115428716],[-121.61827740803531,38.156142453899555],[-121.61830834535533,38.156210174237664],[-121.61832206892585,38.156245229480263],[-121.61833399102525,38.156292292790937],[-121.61834578239133,38.15636372428451],[-121.61834713661189,38.156435808533494],[-121.61834472783703,38.156459460176293],[-121.61834346748159,38.156471833993386],[-121.6183366968537,38.156512882346433],[-121.6183362807095,38.156515401609425],[-121.61842082380147,38.156536676786388],[-121.61847257497226,38.156549730838371],[-121.61857044763283,38.156574418456486],[-121.61907326138564,38.156701247459182],[-121.61907325212447,38.156701272652995],[-121.61943840883779,38.156793358933555],[-121.61957469025481,38.156827726450913],[-121.61965186759207,38.156847191745229],[-121.61895929739526,38.158315573695788],[-121.6178580116508,38.160650382641947],[-121.61776997507516,38.16083701977535],[-121.61768638012005,38.161002847907213],[-121.61760278478329,38.161168675080432],[-121.61751918906016,38.161334502195899],[-121.61743559295063,38.16150032925362],[-121.6173519975957,38.161666156257425],[-121.61726840071336,38.161831983199612],[-121.61718480344464,38.161997810084067],[-121.61710120578952,38.162163636910755],[-121.61695331433255,38.162456998135966],[-121.61683514976002,38.162691389654668],[-121.61681528183411,38.162730799803192],[-121.61691595651862,38.162742488628425],[-121.61702498743857,38.162755148384171],[-121.61715908384703,38.16277067330833],[-121.61721404815515,38.162777037008041],[-121.61726307143384,38.162782712478069],[-121.61753068918141,38.162815522713721],[-121.61778612332752,38.162850694499738],[-121.6180397994216,38.162889293114041],[-121.61818025175879,38.162912755718324],[-121.61829345570793,38.162931665763843],[-121.618545358125,38.162977121137502],[-121.61879723966121,38.163026351451656],[-121.61904736442987,38.163079007728328],[-121.61905134202269,38.163079870416844],[-121.61941038207578,38.163157780168561],[-121.61968660235566,38.163220892195],[-121.61992100830358,38.163274450458637],[-121.62026834150329,38.163360032152355],[-121.62061391122464,38.163450412243805],[-121.62068973977635,38.163471510174411],[-121.62074307978857,38.163486351262314],[-121.62075351171821,38.163489254016412],[-121.62095597862438,38.163545585923515],[-121.62117866720752,38.16361078015909],[-121.62137972918238,38.163670327318926],[-121.62139599160152,38.163675222106733],[-121.62350877751392,38.16431106923477],[-121.62421465187315,38.164523492068611],[-121.62449471653281,38.164607772013099],[-121.62481400531178,38.164703854455951],[-121.62575096896947,38.164985806165141],[-121.62660042893246,38.165241416743072],[-121.62676709783366,38.165293785453734],[-121.626952834701,38.16535788563867],[-121.62713680732431,38.165427131003739],[-121.62722704357184,38.165463803251342],[-121.62731553559519,38.165501503082737],[-121.62749250032812,38.165580676238029],[-121.6275594340887,38.165613402657108],[-121.62766422479696,38.165664637429913],[-121.62783418464609,38.165753397919495],[-121.62795177221578,38.165819931901204],[-121.6279889998512,38.165840995733021],[-121.62799890833648,38.165846602361746],[-121.62838055987935,38.166078602939947],[-121.62860559100578,38.166215395379943],[-121.62918984944409,38.166570550306311],[-121.62930775040729,38.16663854692856],[-121.62938926361296,38.166681370279491],[-121.6294725271665,38.166721795675933],[-121.62955754218953,38.166759825820428],[-121.62964430691395,38.166795802134459],[-121.62973282488686,38.16682903635796],[-121.62982135646982,38.166859869728732],[-121.62995852186897,38.166901841937033],[-121.63005056409681,38.16692616409172],[-121.63019125840349,38.166958536843673],[-121.63028681058975,38.166976691894106],[-121.63043103611366,38.166998778708582],[-121.63055964568315,38.167013607333757],[-121.63136093496045,38.167091001949267],[-121.63148607624929,38.167104444598728],[-121.63156775758623,38.167114659821337],[-121.63173284284699,38.167138527031049],[-121.63183184901793,38.167155708994457],[-121.63216476989382,38.167213486038229],[-121.63216599661381,38.167213698960971],[-121.63226277186584,38.167230493255538],[-121.63226562761551,38.167231015876709],[-121.63236006683016,38.167248308917408],[-121.63245328925872,38.167267913240401],[-121.63250424906225,38.167278630580931],[-121.63260417196202,38.167302263258954],[-121.63264699543005,38.167312391520909],[-121.63264841436701,38.167312727570696],[-121.63271961997967,38.167331145229859],[-121.63286027587884,38.167371410748963],[-121.63297621021515,38.167407876666083],[-121.63299917425556,38.167415100118085],[-121.63313601020324,38.16746047728931],[-121.63413489507893,38.167791718618659],[-121.63426334359158,38.167834312916646],[-121.63444823950235,38.167895624520277],[-121.63447006039648,38.167902861164585],[-121.63575706486633,38.16832962440315],[-121.63601349769007,38.168414653710684],[-121.63649917367619,38.16857569439162],[-121.63658598580781,38.168603427123323],[-121.63675789150244,38.168655111405741],[-121.63681701405864,38.168671032614306],[-121.63682382064023,38.168672865746053],[-121.63684975015654,38.168679848242455],[-121.63693329578858,38.168702346240899],[-121.63702187853558,38.168723904235307],[-121.63717281077713,38.168757388076131],[-121.63719717701937,38.168762793542449],[-121.63720080169301,38.168763597735214],[-121.63728940193454,38.168781725952982],[-121.63737974819901,38.168798484869811],[-121.63751002052487,38.168820070209641],[-121.63754655922375,38.168826124725072],[-121.63768639543524,38.168847463410579],[-121.63770822411382,38.168850794177587],[-121.6381391231359,38.168916544889399],[-121.63817141108619,38.168921732716413],[-121.63820422172597,38.168926457326457],[-121.63826106097083,38.168936136570885],[-121.63827639656078,38.168938600004111],[-121.63833398643268,38.168948554535916],[-121.63839976354596,38.168959923904801],[-121.63852311907837,38.168983308835678],[-121.63864472701697,38.169008403411368],[-121.63876632927364,38.169034869870863],[-121.63888617764465,38.169063391898206],[-121.63900602491296,38.169093285827422],[-121.63908602869434,38.169114388312522],[-121.6391258625078,38.169124895765329],[-121.63924569044229,38.169158220811148],[-121.63936377080843,38.169193259123603],[-121.63960484689522,38.169266475903804],[-121.63990179437825,38.169356661054778],[-121.64024761100033,38.16946168601757],[-121.64037784044339,38.169502252079766],[-121.64048459588963,38.169537362865213],[-121.64050111156811,38.169542794461798],[-121.64051240956469,38.169546723320465],[-121.64062263518201,38.169585048320734],[-121.64074414920438,38.169629018185162],[-121.64086565706275,38.169674704966717],[-121.64117285801895,38.16979785385481],[-121.64125789948041,38.169832785425641],[-121.64136374335278,38.169880825492854],[-121.64146783459627,38.169931604064494],[-121.6415198742685,38.169958195061611],[-121.64162046703238,38.170013083195265],[-121.64162352088449,38.170014874630517],[-121.64169936891356,38.170059361645578],[-121.64171645299844,38.170069381183545],[-121.64171930546721,38.170071053975036],[-121.64176785178599,38.170100723082129],[-121.64186145384718,38.170162797138353],[-121.64190825094389,38.170194520140818],[-121.6419533044502,38.17022692416657],[-121.64204340587878,38.170293790643726],[-121.64204507086795,38.170295148933135],[-121.64209626727286,38.170336925774102],[-121.64210895301612,38.170347277514061],[-121.64212827485845,38.170363044313966],[-121.64216983730272,38.170398527397737],[-121.64225121127622,38.170471201540231],[-121.64232909642369,38.17054626921648],[-121.64233852055845,38.170555993698557],[-121.6423536484492,38.170571604190961],[-121.64240349618139,38.170623040375276],[-121.64291398299031,38.171170285038095],[-121.64304792329879,38.171313869068108],[-121.64310039329476,38.171370118342182],[-121.64317804509109,38.17144773689666],[-121.643218593737,38.171483082229578],[-121.64323347722559,38.171496055893179],[-121.64326214775441,38.171521047593444],[-121.64335232066878,38.171589715014981],[-121.64343070569642,38.171641828336774],[-121.64343732686061,38.171647536060419],[-121.64344666001072,38.171652435992236],[-121.6434481511445,38.171653427067334],[-121.64354920469266,38.171711894111311],[-121.64365502045204,38.171764850750527],[-121.64376511917705,38.1718120558564],[-121.64387899752806,38.171853293451555],[-121.64399613831513,38.171888378147109],[-121.64411600939349,38.171917147932476],[-121.64415121086954,38.171923586291093],[-121.64423806361896,38.171939473184246],[-121.64433281725837,38.171951561115641],[-121.64436372035466,38.171955397017975],[-121.64443988927424,38.171960990702956],[-121.64445017882908,38.171961745885397],[-121.64448649684505,38.171964412929725],[-121.64461174544711,38.171966914017851],[-121.64473692210676,38.17196274377909],[-121.64486145839567,38.171951921180224],[-121.64523285628223,38.171909594710328],[-121.64542411459183,38.171891244912302],[-121.64561622366004,38.17187968549775],[-121.64562907813946,38.17187936832363],[-121.64580879542702,38.171874940492721],[-121.64631714354798,38.171871421640581],[-121.64653632841409,38.171868040025728]]]},"properties":{"OBJECTID":24,"DISTRICT":"Brannan Island 2067","FEE_ID":null,"Link":"http://www.balmd.org/reclamation-levee-maintenance-district.html?id=35","Daytime_Phone":"(916) 776-2544","Nighttime_Phone":null,"Shape.STArea()":327323431.8853547,"Shape.STLength()":88318.06231455649}}]}