{"type":"FeatureCollection","crs":{"type":"name","properties":{"name":"EPSG:4326"}},"features":[{"type":"Feature","id":7913,"geometry":{"type":"Polygon","coordinates":[[[-121.696071860028,38.1147887322982],[-121.696022875794,38.1147643210731],[-121.694451593903,38.1167451001839],[-121.694115157761,38.117181062749],[-121.693792455962,38.1176234887238],[-121.693483483115,38.1180720182598],[-121.692967434222,38.1188439328347],[-121.69245126226,38.1196159374849],[-121.692214574149,38.1199785152646],[-121.691090395453,38.1199006570256],[-121.691671279353,38.1208851327562],[-121.691480245421,38.1212312329384],[-121.690636275517,38.1227685314732],[-121.690189051948,38.1229855219837],[-121.690176025478,38.1230963681624],[-121.690256170472,38.1232406335914],[-121.690024845304,38.1236695300841],[-121.681723837156,38.12356653961],[-121.682057510081,38.1234395180372],[-121.682269838576,38.1233518892628],[-121.682396733695,38.1232901952183],[-121.682424647046,38.1232717216226],[-121.682623748747,38.1231395618873],[-121.682715277193,38.1230698149026],[-121.682754696166,38.1230397536101],[-121.682872960271,38.1229398533262],[-121.683009473652,38.122828541198],[-121.683131565479,38.1226957481675],[-121.683215494177,38.1225828314645],[-121.683222549546,38.122571486853],[-121.68335944471,38.1223504958997],[-121.683399894051,38.1222851516097],[-121.683439037241,38.1222327815791],[-121.683479364411,38.1221923611192],[-121.683508636014,38.1221378801046],[-121.6835311451,38.1221026566781],[-121.683537998348,38.1220570362307],[-121.68354706145,38.1220182220089],[-121.683553981173,38.1219654030302],[-121.683554369245,38.1218914422619],[-121.683554552502,38.1218438457371],[-121.683559165351,38.1218103126064],[-121.683568232047,38.1217716784632],[-121.683568585983,38.1217012269995],[-121.683568903987,38.121634284972],[-121.683578068599,38.1215797250965],[-121.683585114086,38.121497034684],[-121.683594173595,38.1214530025382],[-121.683605522911,38.121414246652],[-121.683623607794,38.1213702681662],[-121.683650594982,38.1213158190468],[-121.683668724781,38.1212383714189],[-121.683662211995,38.121197795639],[-121.683661978433,38.1211924910687],[-121.683659791934,38.1211461873697],[-121.683516754988,38.1211351421805],[-121.683521873588,38.1211139281193],[-121.68365850375,38.1211245224299],[-121.683677426761,38.1209505256489],[-121.683672951354,38.1209395221262],[-121.683671328099,38.120928298814],[-121.683673476869,38.1209172027085],[-121.683670480089,38.1209059080148],[-121.683666920964,38.1208949815172],[-121.683667014389,38.1208839136751],[-121.683668477744,38.1208728274569],[-121.683664916822,38.1208618104949],[-121.683665224046,38.1208501101388],[-121.683667942348,38.1208338776231],[-121.683676997366,38.120825114367],[-121.683668672679,38.1208105652394],[-121.683670593277,38.1207994719428],[-121.683671371218,38.120788394899],[-121.683672368348,38.1207768648494],[-121.683677388134,38.1207664478739],[-121.683680910428,38.1207555128747],[-121.683680196267,38.1207440966011],[-121.683678907185,38.1207325085938],[-121.683680484626,38.1207214202325],[-121.683684931287,38.12071092127],[-121.683690175652,38.1207003212457],[-121.68369334401,38.120688851253],[-121.683693192194,38.12067706677],[-121.683690991322,38.1206655819327],[-121.683686626408,38.120654396741],[-121.683683071774,38.1206436497116],[-121.683679735431,38.1206324503822],[-121.683679020372,38.1206210340894],[-121.683679799212,38.1206099570185],[-121.683682868755,38.1205992078623],[-121.683686971361,38.1205886240763],[-121.683693826405,38.1205785413508],[-121.683697920028,38.120567597843],[-121.683701218641,38.1205568451471],[-121.683703483294,38.1205458373247],[-121.68370310151,38.1205339665992],[-121.683704212726,38.1205224343893],[-121.683709221732,38.1205115679052],[-121.683715497363,38.1205011339306],[-121.68372108668,38.1204906193886],[-121.683723573217,38.1204793380566],[-121.683725377034,38.12046815637],[-121.683726716422,38.1204566220296],[-121.683728176185,38.1204453548266],[-121.683729174213,38.1204339151828],[-121.683734304492,38.1204233165317],[-121.683733932589,38.1204118959658],[-121.683733668484,38.1204002033115],[-121.683735805576,38.1203885671929],[-121.683740138151,38.1203780703026],[-121.683742284226,38.1203668843602],[-121.683741796441,38.1203553747389],[-121.683740058201,38.1203441527504],[-121.683737064116,38.1203329484281],[-121.683740815481,38.1203220098305],[-121.683741010415,38.1203104005547],[-121.683740755294,38.120299068311],[-121.683740157016,38.1202877403059],[-121.683739778825,38.1202760497519],[-121.683740781345,38.1202647895883],[-121.683741084975,38.120252908923],[-121.683740480409,38.1202413116505],[-121.683739193123,38.1202298133169],[-121.683736985963,38.1202180577354],[-121.683735468708,38.1202064731782],[-121.683734287424,38.1201946137051],[-121.683735400436,38.1201831719018],[-121.683737540223,38.1201717159623],[-121.683741410165,38.1201609554341],[-121.683746770413,38.1201504436701],[-121.683754426754,38.1201404400368],[-121.683758974924,38.1201294003493],[-121.683763183531,38.120118454654],[-121.68376624499,38.1201073457044],[-121.683768510541,38.1200963378143],[-121.683770756329,38.1200845200198],[-121.683773471936,38.1200732357981],[-121.683776187543,38.1200619515747],[-121.6837792499,38.1200508426166],[-121.683781157922,38.1200392099758],[-121.683782266443,38.1200275879341],[-121.683782816212,38.1200165143068],[-121.683782905145,38.1200052668242],[-121.683783337235,38.1199940143928],[-121.6837833022,38.1199823188447],[-121.683784308314,38.11997123885],[-121.683786457084,38.1199601418924],[-121.683788707364,38.1199485049969],[-121.683790631555,38.119937591077],[-121.683793926575,38.1199266587806],[-121.683796986237,38.119915460048],[-121.683800164477,38.119904439408],[-121.683803109154,38.1198931516249],[-121.683805605572,38.1198823203833],[-121.683807866632,38.1198711322448],[-121.683808487368,38.1198682445726],[-121.683810017199,38.1198601257325],[-121.683811939593,38.1198491227523],[-121.683813737122,38.1198376717074],[-121.683815418769,38.1198261316135],[-121.683816074539,38.1198146968197],[-121.683816270371,38.1198030874633],[-121.683815672093,38.119791760088],[-121.683815091782,38.119786280148],[-121.683814731557,38.1197804369512],[-121.683816653054,38.1197694332522],[-121.683821785129,38.1197589249654],[-121.683828990516,38.1197491976079],[-121.683838592608,38.1197343083313],[-121.683835267943,38.1197236480936],[-121.6838352374,38.1197121327171],[-121.68383509367,38.1197007085063],[-121.683836891199,38.1196892574382],[-121.683841904696,38.1196785703383],[-121.68384852528,38.1196682217584],[-121.683852395222,38.1196574611561],[-121.683853510031,38.1196461090227],[-121.683846999941,38.1196360339411],[-121.683843660004,38.1196196159933],[-121.683848444432,38.1196089324169],[-121.683849104693,38.1195976770975],[-121.683850906714,38.1195864055217],[-121.68385099385,38.1195750682186],[-121.683851535534,38.1195636340922],[-121.683851398092,38.1195524798277],[-121.683851717893,38.119541319201],[-121.683852251492,38.1195295260522],[-121.683855187186,38.1195178784871],[-121.683856413386,38.1195064351643],[-121.683852288323,38.1194956964466],[-121.68385191642,38.1194842757356],[-121.68385268987,38.1194730189836],[-121.683855866312,38.1194619078157],[-121.683860996591,38.1194513097302],[-121.683864404799,38.1194403759476],[-121.683865864562,38.1194291092946],[-121.683865382166,38.1194178694955],[-121.68386455392,38.1194064551329],[-121.683864865635,38.1193949347592],[-121.683865176452,38.1193834136771],[-121.683867545309,38.1193719547852],[-121.683868319657,38.1193606973091],[-121.683868406794,38.119349359971],[-121.683872267753,38.1193382395967],[-121.683872923523,38.1193268047265],[-121.683873013355,38.1193155571377],[-121.683872873217,38.1193043130807],[-121.683875240278,38.1192927637151],[-121.683878190346,38.119281745808],[-121.683881248211,38.1192704572219],[-121.683882815771,38.1192589191586],[-121.683883025078,38.1192479394097],[-121.683880365167,38.1192363709535],[-121.683873064559,38.1192266661417],[-121.68386362596,38.1192184306199],[-121.683862341369,38.1192171896023],[-121.683854169395,38.1192093865981],[-121.68385117531,38.1191981821017],[-121.683848982522,38.1191870567574],[-121.683846906516,38.1191760190458],[-121.683845967776,38.1191647862751],[-121.683844327453,38.1191528432386],[-121.683842581128,38.1191412613394],[-121.683840943499,38.1191294080538],[-121.683840455714,38.1191178989441],[-121.683843287204,38.1191067029144],[-121.683852235322,38.1190983005906],[-121.683862568643,38.1190905088813],[-121.68386196228,38.1190788209626],[-121.6838598719,38.1190671542439],[-121.683856993698,38.1190560380671],[-121.683854448771,38.1190444674603],[-121.683852712328,38.1190333357319],[-121.683851983794,38.1190212901978],[-121.683850237469,38.1190097082777],[-121.683846684632,38.1189990514679],[-121.683843913329,38.1189875741407],[-121.68384239338,38.1189758996333],[-121.683843493816,38.1189639184024],[-121.683846662174,38.1189524474302],[-121.683850066789,38.1189413333561],[-121.683850833052,38.1189297167935],[-121.683850573439,38.1189182041187],[-121.683848486652,38.1189067175912],[-121.683842996149,38.1188962678391],[-121.683836592958,38.1188858308067],[-121.683829400148,38.1188758545628],[-121.683823232315,38.1188657744278],[-121.683817624133,38.118855146573],[-121.683814291383,38.1188441271864],[-121.683811642251,38.118833007442],[-121.68380831579,38.1188222580243],[-121.683805213009,38.1188113248542],[-121.683802225212,38.118800390269],[-121.683800250715,38.1187888118477],[-121.683799191601,38.1187773104584],[-121.683798481932,38.1187660740926],[-121.683796970068,38.1187547592777],[-121.683794767398,38.1187431836759],[-121.683793139651,38.1187317805156],[-121.683791857755,38.1187205526237],[-121.683791606227,38.1187093996439],[-121.683790776184,38.1186978947085],[-121.68378937032,38.1186862187413],[-121.683788205205,38.1186750784776],[-121.683787385043,38.118664023727],[-121.683786550509,38.1186523392737],[-121.683785375512,38.118640749521],[-121.68378363278,38.1186293477582],[-121.683779382851,38.1186181615479],[-121.683775030513,38.1186075159887],[-121.683771792087,38.1185955947698],[-121.683767874534,38.1185839534164],[-121.683764076457,38.1185725806208],[-121.683760627824,38.1185614728496],[-121.683758524868,38.1185492661017],[-121.683756664457,38.118537686227],[-121.68375412492,38.1185263855114],[-121.68375111736,38.1185145512078],[-121.683747770238,38.1185029020674],[-121.683745336702,38.1184912402039],[-121.683744053907,38.1184799218127],[-121.68374482556,38.1184685751502],[-121.683746256576,38.1184560489416],[-121.683749439308,38.1184452082993],[-121.683754558806,38.1184341605813],[-121.683757504382,38.1184229630333],[-121.68375896145,38.1184116064677],[-121.683761214424,38.1184000583743],[-121.683762563694,38.1183889731924],[-121.683764118678,38.1183768957488],[-121.683767178339,38.1183656967785],[-121.683771386947,38.1183547515256],[-121.683774903851,38.1183435461913],[-121.683776815466,38.1183320927901],[-121.683780565034,38.118321064137],[-121.683783390235,38.1183095987177],[-121.683786438219,38.1182978597888],[-121.683789373913,38.118286212734],[-121.683794024492,38.1182746314041],[-121.683800308207,38.11826455684],[-121.683806582041,38.1182540327884],[-121.683818438006,38.1182479286823],[-121.683829242044,38.1182407602264],[-121.68383276883,38.1182300043608],[-121.683827172326,38.1182199156558],[-121.683820322672,38.1182099350805],[-121.683819043471,38.1181987968642],[-121.683820596658,38.1181866289264],[-121.683824233936,38.1181756921275],[-121.683832240621,38.1181660430072],[-121.68384481434,38.1181613686288],[-121.683857365601,38.118155704814],[-121.683861778125,38.1181538439674],[-121.683869323974,38.1181440216928],[-121.683874793816,38.118133328713],[-121.683878647588,38.1181218484227],[-121.683881480874,38.1181107427031],[-121.683884429145,38.1180996348615],[-121.68388599401,38.1180880068572],[-121.683885265477,38.1180759611671],[-121.683883864105,38.1180644646128],[-121.683881895896,38.1180531560497],[-121.683880970631,38.1180475911703],[-121.683879915111,38.1180413075347],[-121.683879429122,38.1180298887164],[-121.683880658018,38.1180185349166],[-121.683882333376,38.1180067252667],[-121.683884474061,38.1179952696925],[-121.683884667199,38.1179835702906],[-121.683882798703,38.1179716305946],[-121.683882196832,38.1179601227159],[-121.683880111842,38.117948725794],[-121.683878035835,38.117937688602],[-121.683875045344,38.1179266641298],[-121.683870230374,38.1179157555616],[-121.683864283527,38.1179053120284],[-121.683857776131,38.1178953264629],[-121.68385126604,38.1178852511397],[-121.683844626592,38.1178744577644],[-121.683841062975,38.1178683896705],[-121.683838447081,38.1178638375395],[-121.683832389741,38.1178535756318],[-121.683828382356,38.1178430154771],[-121.683826636031,38.1178314340769],[-121.683825226575,38.1178195777518],[-121.683823587149,38.1178076344952],[-121.683823096669,38.1177960354208],[-121.683822369932,38.117784079439],[-121.683822330406,38.117772204024],[-121.683823088584,38.1177602275428],[-121.683824209682,38.1177491450907],[-121.683825774547,38.1177375170305],[-121.683828141608,38.1177259681238],[-121.683831436628,38.1177150354964],[-121.683832290926,38.1177124148883],[-121.6838353973,38.1177032844572],[-121.683840184423,38.117692690357],[-121.683843937584,38.1176818418272],[-121.683845845606,38.1176702088091],[-121.683847294588,38.1176584923932],[-121.683848052766,38.1176465158933],[-121.683846759192,38.1176347478812],[-121.683844216062,38.1176232675126],[-121.683842343973,38.1176111475376],[-121.683839918521,38.117599845265],[-121.683838178485,38.117588533803],[-121.683836774418,38.1175769474153],[-121.683835263451,38.1175656324161],[-121.683833735417,38.1175535979477],[-121.683829487284,38.1175425006227],[-121.683822249558,38.1175305460129],[-121.683816790496,38.1175214452424],[-121.683810623562,38.1175113649204],[-121.683805928966,38.1175007248538],[-121.683801107708,38.1174895455381],[-121.683796967373,38.1174781775193],[-121.683794305664,38.1174665183191],[-121.683794855433,38.1174554450102],[-121.68379608882,38.1174442713415],[-121.683798578052,38.1174330800025],[-121.683802864812,38.1174256429027],[-121.683804624612,38.1174226491217],[-121.683805853507,38.1174112952275],[-121.683802064413,38.1174002819837],[-121.683796160685,38.1173917275128],[-121.683794982096,38.1173901246095],[-121.683788584294,38.1173799580462],[-121.683782184696,38.1173697010177],[-121.683774998174,38.1173599945443],[-121.683766798352,38.1173509326237],[-121.683758926415,38.1173412360423],[-121.683751057173,38.1173316292166],[-121.683744192248,38.1173210188073],[-121.683738584066,38.1173103907277],[-121.683735594472,38.1172993661608],[-121.68373146851,38.1172886278253],[-121.683729388012,38.1172774103127],[-121.683727524008,38.1172656507221],[-121.683723049499,38.1172546466441],[-121.683715846807,38.1172442213919],[-121.683709113036,38.1172343290268],[-121.683701242896,38.117224722187],[-121.683695181963,38.1172142806753],[-121.683689567492,38.1172033826019],[-121.68368554843,38.1171922823966],[-121.683680963428,38.1171814606489],[-121.683674783918,38.1171708403233],[-121.683668491219,38.1171602221164],[-121.683661871534,38.1171503283265],[-121.683655241068,38.1171399843355],[-121.683649068744,38.1171296339823],[-121.683641985528,38.1171194765705],[-121.683635476336,38.1171094011402],[-121.68362805715,38.1170995179447],[-121.683624276141,38.1170888650966],[-121.68361900842,38.1170781422787],[-121.683614085652,38.1170675042693],[-121.683610628935,38.117056036533],[-121.683606833553,38.1170447539636],[-121.683601116674,38.1170343972361],[-121.683594599397,38.1170239620579],[-121.683587632962,38.1170138929752],[-121.683577970683,38.1170058402524],[-121.683565175978,38.1170007113587],[-121.683551836894,38.1169967592056],[-121.683539154479,38.1169915384335],[-121.683528597478,38.1169843083669],[-121.683518582161,38.1169758118009],[-121.68351217897,38.116965374494],[-121.683507592172,38.1169544629552],[-121.683507685597,38.1169433952227],[-121.683508922577,38.1169324016974],[-121.683510615003,38.1169213113455],[-121.683514824508,38.1169104563403],[-121.683520414724,38.1169000317456],[-121.683525889057,38.1168895180986],[-121.683531249305,38.1168790065704],[-121.683536378685,38.1168684088168],[-121.683544026941,38.1168580449969],[-121.683553299352,38.1168488282352],[-121.683563735979,38.1168405853776],[-121.683573586006,38.1168316301123],[-121.683583099165,38.1168229504795],[-121.683600810349,38.1168080372833],[-121.68360985279,38.1167987335846],[-121.683617517216,38.1167890899364],[-121.683623438012,38.1167781204175],[-121.683630971284,38.116767758705],[-121.683640354188,38.116758361003],[-121.683650328182,38.1167498538093],[-121.683657994405,38.1167402999124],[-121.683664167627,38.1167304067723],[-121.68367159939,38.1167205864266],[-121.683679846822,38.1167114735403],[-121.683687161804,38.1167015648478],[-121.683695865581,38.1166924463052],[-121.683702363095,38.1166817382708],[-121.68370840696,38.1166711277671],[-121.683714345723,38.1166609681712],[-121.683721772993,38.1166509675937],[-121.68372850946,38.1166407062223],[-121.683733632552,38.1166298384539],[-121.683740141744,38.1166145421571],[-121.683742613908,38.116607670378],[-121.683744984562,38.1165963008084],[-121.683747585185,38.116585018168],[-121.683751326668,38.1165736295125],[-121.683754726791,38.1165623355605],[-121.683758117033,38.1165505921101],[-121.683761285391,38.1165391221724],[-121.68376399471,38.1165275681288],[-121.683766830691,38.1165165519248],[-121.683768281471,38.1165049257886],[-121.683769616367,38.1164932105993],[-121.683770156255,38.116481686939],[-121.683771152486,38.1164701569161],[-121.683769979286,38.116458657282],[-121.683764481597,38.1164478474404],[-121.683751356312,38.1164432627102],[-121.683737154846,38.1164415721482],[-121.6837226228,38.1164404257889],[-121.683715535092,38.1164401657025],[-121.683684713895,38.1164258411566],[-121.683659485608,38.1164163875767],[-121.68365143311,38.1164087630828],[-121.683656243588,38.116384044253],[-121.683678242431,38.1163566552851],[-121.683713073708,38.1163208997081],[-121.683772722741,38.1163017112303],[-121.683789493389,38.1162906801503],[-121.683824043494,38.1162677946117],[-121.683835261655,38.1162283207336],[-121.683847220926,38.1162217655461],[-121.683859873697,38.1162155609103],[-121.683871366743,38.1162085618771],[-121.683883657492,38.1162014624833],[-121.683895862004,38.116195623947],[-121.68390676306,38.1161877336886],[-121.683917661421,38.1161796639125],[-121.683928446594,38.1161716860141],[-121.683937498917,38.1161628317333],[-121.683940462459,38.1161574822715],[-121.683943426002,38.1161521328092],[-121.683948324515,38.116141447312],[-121.683952072286,38.1161303285695],[-121.683954560619,38.1161191377359],[-121.683961194678,38.1161094183746],[-121.683971760662,38.1161018030365],[-121.683989609289,38.1160930059948],[-121.683989714392,38.1160930109421],[-121.684004475508,38.1160937876714],[-121.684018324835,38.1160950336893],[-121.684034999363,38.1160848132319],[-121.684048226158,38.1160736520752],[-121.684061570631,38.116077873554],[-121.684072265075,38.1160860910542],[-121.684084271957,38.116091771285],[-121.684097763754,38.1160974310193],[-121.684111008514,38.1161022836333],[-121.684124584753,38.1161065920418],[-121.684138490674,38.116110356245],[-121.684152289695,38.1161144816022],[-121.684166991523,38.1161180549799],[-121.684181459789,38.1161214509607],[-121.684195124961,38.1161246787324],[-121.684209359665,38.1161278082645],[-121.684223137126,38.1161309441572],[-121.684237468849,38.1161333527942],[-121.684251921843,38.1161360299997],[-121.684266486229,38.1161386153263],[-121.684280808069,38.1161405737572],[-121.68429535898,38.1161425293609],[-121.684309332275,38.1161442234635],[-121.68432432336,38.1161454532252],[-121.684338376604,38.1161456164866],[-121.68433849069,38.1161456193137],[-121.684353118857,38.1161459500771],[-121.684367748819,38.1161463748396],[-121.684382613242,38.1161470667571],[-121.684397247697,38.1161476717433],[-121.684411406942,38.1161474731439],[-121.684426250704,38.1161472653566],[-121.6844408627,38.1161468808794],[-121.684455233948,38.1161459599717],[-121.684470189101,38.1161455705472],[-121.684484568434,38.116145010087],[-121.684499055564,38.1161441775242],[-121.684513323506,38.1161437075291],[-121.684528375677,38.1161425972098],[-121.684542281597,38.1161413229223],[-121.684556748965,38.1161395906546],[-121.68457120196,38.1161372293708],[-121.684585783413,38.1161354956894],[-121.684600403495,38.1161354709528],[-121.68461448279,38.1161368031947],[-121.684629250195,38.1161382160072],[-121.684643451661,38.1161399065761],[-121.684658332254,38.116141317975],[-121.684673093371,38.1161424608052],[-121.684687930844,38.1161419830358],[-121.684702506908,38.1161399800792],[-121.684717064107,38.1161371671759],[-121.684730566684,38.1161331994273],[-121.684743578781,38.1161277086113],[-121.684755309881,38.1161211569486],[-121.684767514392,38.1161153176992],[-121.684778896945,38.1161085010003],[-121.684790499585,38.1161013210262],[-121.684800253493,38.1160931770307],[-121.684808960863,38.1160842379292],[-121.684815008321,38.1160738068557],[-121.684818071576,38.1160627877561],[-121.684819417253,38.1160515227023],[-121.684821681007,38.1160405142008],[-121.68483719042,38.116044436015],[-121.684840186302,38.1160557300471],[-121.684854603364,38.116066954815],[-121.684868372741,38.1160697309693],[-121.684882798786,38.116071238489],[-121.684897226628,38.1160728357671],[-121.684912240171,38.1160750549943],[-121.684927006677,38.1160764671012],[-121.684941312348,38.1160777067585],[-121.684955288338,38.1160794906212],[-121.684969602093,38.1160810893127],[-121.684983730796,38.1160795422147],[-121.684993484703,38.1160713982168],[-121.684999306685,38.1160611501924],[-121.685004206096,38.1160504646819],[-121.685006013507,38.1160394632478],[-121.685010558084,38.1160282434231],[-121.68501259187,38.1160171486933],[-121.685017482298,38.1160061041418],[-121.685022136469,38.1160021279049],[-121.685027120323,38.1159978717906],[-121.685039907841,38.1159925647223],[-121.685053659251,38.1159894931388],[-121.685068026007,38.1159883920051],[-121.685083084467,38.1159875516662],[-121.685097479969,38.1159877099807],[-121.685112445003,38.1159877700554],[-121.685126447044,38.1159856844034],[-121.685140543407,38.1159826983378],[-121.685155000893,38.1159805165663],[-121.685169582347,38.1159787051375],[-121.685169693738,38.1159786910023],[-121.685184154817,38.1159766894546],[-121.68519839042,38.1159747804927],[-121.685212608954,38.1159721520478],[-121.68522660291,38.1159697073607],[-121.68524000757,38.1159664604995],[-121.685253975475,38.1159628461223],[-121.685267360372,38.1159587002604],[-121.685280737185,38.11595419395],[-121.685294153524,38.1159413202902],[-121.685302618349,38.1159267164756],[-121.68531516961,38.1159210531943],[-121.685329147396,38.1159178883153],[-121.685342662549,38.115914459814],[-121.685356640335,38.1159112949347],[-121.68537039444,38.1159083138134],[-121.685384728857,38.1159057737113],[-121.685399416312,38.1159036788692],[-121.685413525252,38.1159012320595],[-121.685427394342,38.1158983385763],[-121.685441943456,38.1158951659219],[-121.685455681392,38.1158914646094],[-121.685470023894,38.1158892842487],[-121.685484282852,38.1158884545101],[-121.685498517556,38.1158915840522],[-121.685511668892,38.1158973385081],[-121.685524695362,38.1159026441698],[-121.685531583643,38.1159041672417],[-121.685532066937,38.1159002913594],[-121.685532893387,38.1158964112365],[-121.685533721634,38.115892620872],[-121.685534776256,38.1158887372149],[-121.685536060847,38.1158849404892],[-121.685537462219,38.1158812321086],[-121.685538977677,38.1158775223143],[-121.685540721307,38.115873808986],[-121.685542580819,38.1158701840027],[-121.685544671199,38.1158666459511],[-121.685551060915,38.1158562098992],[-121.68555802735,38.1158460360547],[-121.68556533784,38.1158359470203],[-121.685573225947,38.1158261194866],[-121.685581348514,38.115816559108],[-121.685590046002,38.1158071704714],[-121.685599092037,38.1157980468698],[-121.685608486618,38.1157891883031],[-121.685618227949,38.1157805043058],[-121.685628434608,38.1157721743958],[-121.685638988914,38.1157641088144],[-121.685647759166,38.1157579585605],[-121.685672143934,38.1157401622588],[-121.685697230287,38.115723076957],[-121.685723129615,38.1157066093627],[-121.685749616441,38.1156908534761],[-121.685776803953,38.1156758078838],[-121.68580458076,38.1156615630524],[-121.685865940185,38.1156321835648],[-121.685928365911,38.1156044981804],[-121.685991970227,38.1155784157287],[-121.686056638147,38.1155539376248],[-121.686122260079,38.1155312455091],[-121.686188832428,38.115510159158],[-121.686256130616,38.115490862332],[-121.686324266932,38.1154732638597],[-121.686393128188,38.1154574535017],[-121.686462599401,38.1154433443268],[-121.686532569178,38.115431117975],[-121.68664178096,38.1154166320885],[-121.68671736431,38.1154101743619],[-121.686820558278,38.115407378393],[-121.686865710299,38.115408905009],[-121.686879198503,38.1154093453246],[-121.686892808878,38.1154101446777],[-121.686906199166,38.1154113066021],[-121.686919597538,38.1154128282706],[-121.686933005792,38.1154147994427],[-121.686946192162,38.1154170434267],[-121.686959388414,38.1154197376208],[-121.686972362782,38.1154227046268],[-121.686985232945,38.1154261232564],[-121.686997880326,38.1154298146977],[-121.687010422604,38.1154338672965],[-121.687022743896,38.115438283173],[-121.687034959187,38.1154430602067],[-121.687046838509,38.1154481121723],[-121.687050302412,38.115449773073],[-121.687053654925,38.1154515251466],[-121.687057008336,38.1154533676862],[-121.687060250356,38.1154553013986],[-121.687063147423,38.1154570944645],[-121.68706337829,38.1154572372312],[-121.687066395731,38.1154593539959],[-121.687069413172,38.1154614707606],[-121.687072206932,38.1154637712844],[-121.687074999794,38.1154660711014],[-121.687077681266,38.1154684627978],[-121.687080250447,38.1154709456671],[-121.68708270734,38.1154735204158],[-121.687085050146,38.1154760965779],[-121.687087280663,38.1154787646196],[-121.687089282109,38.1154814354882],[-121.68709128625,38.1154841968227],[-121.687093178102,38.11548704933],[-121.687094956767,38.1154899032507],[-121.687096508157,38.1154928504644],[-121.687098059548,38.1154957976779],[-121.687099384563,38.1154988381844],[-121.687100595492,38.1155018801043],[-121.687101692335,38.1155049241444],[-121.687102676888,38.1155080593571],[-121.687103430575,38.1155111076376],[-121.687104189651,38.1155143354363],[-121.68711121807,38.1155119882675],[-121.687124378389,38.1155080247256],[-121.687138333717,38.1155038703567],[-121.687152764254,38.1155005188734],[-121.687166733955,38.1154969942324],[-121.687180355109,38.1154932045541],[-121.687194204436,38.1154894120484],[-121.687207238092,38.1154849106564],[-121.687220491836,38.1154800459863],[-121.687234005193,38.1154765277052],[-121.687247970402,38.1154728235444],[-121.687261002262,38.1154682323921],[-121.687274731215,38.1154641706073],[-121.687288231995,38.1154601130628],[-121.68730209839,38.1154570393367],[-121.687315829139,38.1154530680173],[-121.687327668036,38.115446244189],[-121.687340240857,38.1154415696366],[-121.687353741637,38.1154375120908],[-121.687367007957,38.1154331873872],[-121.687380516823,38.1154294888784],[-121.687393420223,38.1154242694079],[-121.687406560779,38.1154194068541],[-121.687419365365,38.1154149089915],[-121.687432276851,38.1154100492642],[-121.687445078742,38.1154053711756],[-121.687458581319,38.1154014033873],[-121.687471837758,38.1153966291778],[-121.687485552337,38.1153919383665],[-121.687498455738,38.1153867188933],[-121.687511946637,38.115382211134],[-121.687525214754,38.1153779768932],[-121.687538808959,38.1153730175093],[-121.687552070787,38.115368513283],[-121.687565449397,38.1153640966956],[-121.68757871392,38.1153596822281],[-121.687592805792,38.1153565159113],[-121.687606552711,38.1153532640755],[-121.68761935011,38.1153484064643],[-121.687632506836,38.1153442633946],[-121.687645191946,38.1153394969559],[-121.687658331604,38.1153346336897],[-121.687671475753,38.1153299513556],[-121.687684384544,38.1153250018632],[-121.68769587759,38.1153180027445],[-121.687708664209,38.1153126956269],[-121.687722161396,38.1153084571415],[-121.687735449276,38.115305121905],[-121.687749441435,38.1153025867292],[-121.687763896226,38.1153003144711],[-121.687777679976,38.1152986818377],[-121.687791586795,38.1152974075354],[-121.687805621175,38.1152967608429],[-121.687819890014,38.1152963806019],[-121.687834153465,38.1152957303756],[-121.687848428593,38.1152956201198],[-121.687848542679,38.1152956229469],[-121.687862599516,38.1152959614886],[-121.687876463216,38.1152978365434],[-121.687890568563,38.1153003377944],[-121.687905715057,38.1153033641737],[-121.687919163735,38.1153071340725],[-121.687932704939,38.1153099130828],[-121.687939139572,38.1153116227537],[-121.68794468577,38.1153144236736],[-121.687951522848,38.1153187363692],[-121.687959547498,38.1153251015174],[-121.687968276428,38.1153322667257],[-121.687977506618,38.1153414045209],[-121.688000578947,38.1153615940333],[-121.688004876488,38.1153647723649],[-121.688012667576,38.1153708710579],[-121.688025523366,38.1153786977956],[-121.688036354354,38.1153828648934],[-121.68804796418,38.1153861209685],[-121.688060383389,38.1153898152389],[-121.688072042623,38.1153901912389],[-121.688083229343,38.1153898548179],[-121.688098214141,38.1153908139005],[-121.688107464093,38.1153958128622],[-121.688112274571,38.1154014132819],[-121.68811365618,38.1154069720021],[-121.688117696803,38.1154139329469],[-121.68812423025,38.1154199595455],[-121.688133992242,38.1154223413488],[-121.688144048881,38.1154225604464],[-121.688154229489,38.1154232269272],[-121.688158487503,38.1154246072422],[-121.688188414877,38.1154195990946],[-121.688257391117,38.115383633149],[-121.68827543917,38.1153735730282],[-121.688280404158,38.1153708943812],[-121.688308431595,38.1153576354305],[-121.6883298645,38.1153457285232],[-121.68834770055,38.1153363914202],[-121.688355353297,38.115331335913],[-121.688355894083,38.1153299789196],[-121.688358165923,38.1153243685995],[-121.688361642403,38.1153164923823],[-121.688370367739,38.1153134009809],[-121.688381172675,38.1153113598361],[-121.688388862254,38.1153079235319],[-121.688395535838,38.1153050406267],[-121.688401377583,38.1153057685974],[-121.688424506506,38.1153031945495],[-121.688494300214,38.1152680271945],[-121.68850719014,38.1152521015888],[-121.688508638224,38.1152504618866],[-121.688516951234,38.1152493550876],[-121.6885255005,38.1152486059133],[-121.688533326623,38.1152461569614],[-121.688539293233,38.1152422944729],[-121.688544203425,38.1152371866584],[-121.688548986954,38.1152315416996],[-121.688551149198,38.1152261130114],[-121.688556380987,38.1152201019457],[-121.688562975519,38.1152187498975],[-121.688570053345,38.1152185604836],[-121.688575962463,38.1152172176234],[-121.688581579629,38.1152130908019],[-121.688584691393,38.1152092678907],[-121.688591950679,38.1152019683843],[-121.688599175829,38.1151981786906],[-121.68860531761,38.1151970125222],[-121.68861147107,38.1151963863251],[-121.688617384679,38.1151952236906],[-121.688621935545,38.1151944405908],[-121.688626611276,38.1151941048756],[-121.688630713881,38.1151936871754],[-121.688632766532,38.1151935684382],[-121.688639266741,38.1151931175197],[-121.688662856501,38.115190717333],[-121.688732303459,38.1151553739384],[-121.688755651571,38.1151422711445],[-121.688756081864,38.1151411134565],[-121.688756189662,38.1151408236811],[-121.688756186069,38.1151406441617],[-121.688756179781,38.1151403741759],[-121.68875614295,38.1151387549674],[-121.688755882438,38.1151373195191],[-121.688755736911,38.11513597171],[-121.688755580604,38.1151340846359],[-121.688755541977,38.1151323756677],[-121.688755533892,38.1151320159221],[-121.688755525807,38.1151316561765],[-121.688755521315,38.1151314766571],[-121.688755406331,38.115130937392],[-121.688755138633,38.1151296821697],[-121.688755020954,38.1151292333711],[-121.688754763137,38.1151282481346],[-121.688754273556,38.1151268155131],[-121.688753778584,38.1151251129056],[-121.688753645633,38.1151244860011],[-121.688753266544,38.1151226908068],[-121.688751888528,38.1151173122912],[-121.68875099201,38.1151130059446],[-121.688749968829,38.1151081624529],[-121.688749931998,38.1151065432438],[-121.688750233832,38.1151047395678],[-121.688750994705,38.1151030192905],[-121.688752317923,38.115100931493],[-121.688753087779,38.1151000155196],[-121.688753541429,38.1150994748407],[-121.688753729177,38.1150993101634],[-121.688754893393,38.1150982924151],[-121.688755108989,38.1150981030008],[-121.688756463648,38.1150973644266],[-121.688762119441,38.1150949458606],[-121.688766872427,38.1150929902289],[-121.688770383942,38.1150916812914],[-121.688777747432,38.1150889687091],[-121.688783860468,38.115086543782],[-121.688789742636,38.1150840319221],[-121.688796046115,38.1150798944916],[-121.688793501187,38.1150734529909],[-121.68878988457,38.1150650459623],[-121.688789038357,38.1150629885548],[-121.688787937921,38.1150597656835],[-121.688785024684,38.1150521587172],[-121.688782698048,38.1150452634676],[-121.688782082702,38.1150432929923],[-121.688781355066,38.1150414136903],[-121.688779778523,38.1150373872203],[-121.688777001831,38.1150307683165],[-121.688775187234,38.1150262958738],[-121.688772641408,38.115019763195],[-121.688771546362,38.1150168096013],[-121.688770453112,38.1150139457674],[-121.688769597018,38.1150114388524],[-121.68876850287,38.1150084852584],[-121.688768272901,38.1150080357523],[-121.688767776133,38.1150070589955],[-121.688767546164,38.1150066094893],[-121.688766826613,38.1150050899327],[-121.688765040763,38.1150018762468],[-121.688764089447,38.1150002252306],[-121.688763138131,38.1149985742145],[-121.688762047576,38.1149958001397],[-121.688760958818,38.1149931165314],[-121.688759871856,38.1149905226829],[-121.688758430959,38.1149873938089],[-121.688757637746,38.1149860255008],[-121.688757242488,38.1149853413467],[-121.688756412444,38.1149840034296],[-121.688755356025,38.1149827588063],[-121.688754300505,38.1149815134762],[-121.68875311922,38.1149798207601],[-121.688752290075,38.1149784828429],[-121.688750108068,38.1149729353984],[-121.688747918873,38.1149670282072],[-121.688743680622,38.114956381409],[-121.68874176182,38.1149523591749],[-121.688738638378,38.1149455656909],[-121.688737785877,38.1149432382935],[-121.688734177344,38.1149351917033],[-121.688730181638,38.1149251710999],[-121.688729460291,38.1149235617815],[-121.68872941807,38.114923238787],[-121.68872807419,38.114912784931],[-121.688727097722,38.1149049708653],[-121.688726988127,38.1149001146378],[-121.688727287266,38.11489822049],[-121.688727932257,38.1148964125682],[-121.688728686841,38.1148944222993],[-121.688729557309,38.1148925210835],[-121.688730542761,38.1148906177474],[-121.688731309024,38.1148891674519],[-121.688732188474,38.1148876252761],[-121.688733182909,38.1148861721534],[-121.688734396533,38.1148842659901],[-121.688735844618,38.1148826255728],[-121.688736738441,38.1148813583311],[-121.688736780662,38.1148812975487],[-121.688737061835,38.1148808996362],[-121.68873827995,38.1148797051919],[-121.688738738091,38.1148792563918],[-121.688739633711,38.114878484597],[-121.688740754809,38.11487751844],[-121.688742776917,38.1148760504749],[-121.688744147746,38.1148749903172],[-121.688744910415,38.1148744015762],[-121.688745369454,38.1148741330029],[-121.688747277476,38.1148730184238],[-121.688749196278,38.1148720020858],[-121.688750664125,38.1148712613889],[-121.688752248753,38.1148706097452],[-121.688753336613,38.1148701220727],[-121.688754736188,38.114869495166],[-121.68875685172,38.1148687459878],[-121.688757115825,38.1148686519871],[-121.688757673679,38.1148683664513],[-121.688758922337,38.1148677268227],[-121.688759826042,38.1148672645939],[-121.688760156622,38.1148670716451],[-121.688762193103,38.1148658814413],[-121.688764222397,38.1148646834628],[-121.688766248997,38.1148633957244],[-121.688768045627,38.1148620210529],[-121.688769956344,38.1148606442611],[-121.688771412513,38.1148593642971],[-121.688772865987,38.114857994573],[-121.68877420807,38.1148567160224],[-121.688775765749,38.114854894671],[-121.688776875168,38.1148534394273],[-121.688777870501,38.114851986304],[-121.688778864936,38.1148505324739],[-121.688779862066,38.1148491691106],[-121.688780306733,38.1148481810432],[-121.688780515142,38.1148477202278],[-121.6887812841,38.1148463603983],[-121.688781938073,38.1148450012755],[-121.688782591148,38.1148435530994],[-121.688783252308,38.1148421063369],[-121.688783461616,38.1148416511756],[-121.688784100318,38.1148395732654],[-121.688784218896,38.1148391237583],[-121.688784625832,38.1148375865288],[-121.688784919581,38.1148354230991],[-121.688784999532,38.1148338922305],[-121.688785079482,38.1148323613618],[-121.688785050736,38.1148319867725],[-121.688785003125,38.1148313245269],[-121.688784914192,38.1148301145328],[-121.688784818072,38.1148290480134],[-121.688784761478,38.1148284076778],[-121.688784597985,38.1148262506088],[-121.688784787529,38.1148245380994],[-121.68878590144,38.1148182245021],[-121.688786917435,38.1148126325187],[-121.688788129262,38.1148055980124],[-121.688788934152,38.1148008181098],[-121.688789046442,38.1148003671889],[-121.688789248563,38.1147995544005],[-121.688789555787,38.1147986461977],[-121.688789677059,38.1147982885708],[-121.688790739766,38.1147953703068],[-121.688791289535,38.1147938571067],[-121.688792917282,38.1147900560835],[-121.68879443813,38.1147866155141],[-121.688796075759,38.1147832639979],[-121.688796732427,38.1147819946341],[-121.688797391791,38.1147808157372],[-121.688798050256,38.1147796368403],[-121.68879948756,38.11477754762],[-121.688800923068,38.1147753679327],[-121.688805131675,38.1147695511924],[-121.688810014019,38.1147631845823],[-121.688812903001,38.1147596351686],[-121.68881502033,38.1147572667724],[-121.688817136761,38.1147548976694],[-121.688819369074,38.1147526169129],[-121.688821602286,38.1147503361564],[-121.688824287351,38.1147478695184],[-121.688826973313,38.1147454028804],[-121.688828871453,38.1147434868186],[-121.68883111275,38.1147415658093],[-121.688835245899,38.1147374594573],[-121.688840048292,38.1147326237152],[-121.688847087491,38.1147256867358],[-121.688848987428,38.1147238611404],[-121.688850217221,38.1147226737613],[-121.688851561101,38.1147214856753],[-121.688858734148,38.1147154470039],[-121.688862435207,38.1147124255477],[-121.688869276777,38.1147068420376],[-121.688875442813,38.114701717223],[-121.688879594826,38.1146984194177],[-121.688880823721,38.114697232745],[-121.688881439067,38.1146966390552],[-121.688882053515,38.1146960460722],[-121.688884054063,38.1146935886205],[-121.688886068984,38.114691760904],[-121.688887962633,38.1146896653202],[-121.688894673946,38.1146833630195],[-121.6888974713,38.1146808044988],[-121.688903070499,38.1146758676842],[-121.688907102138,38.1146723020105],[-121.688911363746,38.1146688239766],[-121.688917752564,38.114663425638],[-121.688924480946,38.1146579332979],[-121.688928067919,38.1146549139597],[-121.688929413595,38.1146538149261],[-121.688930761966,38.1146528063597],[-121.688932107642,38.1146517080329],[-121.688935479918,38.1146493219638],[-121.688938736311,38.1146468468412],[-121.688944009422,38.1146426344678],[-121.688946250718,38.1146407134559],[-121.688948607898,38.1146388807906],[-121.688953775007,38.1146350295784],[-121.688959393071,38.1146309020172],[-121.688964006818,38.1146278685423],[-121.68897053218,38.114623458271],[-121.688973342111,38.1146214397237],[-121.688976150244,38.1146193307092],[-121.68897850922,38.1146175885105],[-121.68898143144,38.1146154780824],[-121.688981887784,38.1146152080946],[-121.688983459836,38.1146142800999],[-121.688983535294,38.114614241934],[-121.688985492723,38.114613261638],[-121.688985869117,38.1146130609141],[-121.688987750189,38.1146120601216],[-121.688989444412,38.1146112268346],[-121.688991024549,38.1146103949611],[-121.688992599295,38.1146092930999],[-121.688994850474,38.1146078223023],[-121.688996987566,38.1146063522115],[-121.688999123759,38.1146048828275],[-121.689000695811,38.1146036912058],[-121.68900238644,38.1146026776912],[-121.68900407707,38.1146016648833],[-121.689009262146,38.1145986229259],[-121.689015463216,38.1145950268572],[-121.689024930561,38.114589405879],[-121.689026507104,38.1145883944846],[-121.689027729711,38.1145876318748],[-121.689028872368,38.1145869215663],[-121.689037525839,38.1145806821597],[-121.68904494233,38.114575269679],[-121.689046628468,38.1145740766433],[-121.68904820052,38.1145728850211],[-121.689052137836,38.1145702204802],[-121.689059337833,38.1145653508018],[-121.689064403433,38.1145620409752],[-121.689070704216,38.1145578137547],[-121.689075542542,38.114554597222],[-121.689082291585,38.1145500038916],[-121.689084094504,38.1145488992023],[-121.689085896524,38.1145477938062],[-121.689087815326,38.1145467774638],[-121.689089846416,38.1145456692406],[-121.689091988,38.1145443793761],[-121.68909390231,38.114543182806],[-121.689095588448,38.1145419897697],[-121.689096486763,38.1145412971302],[-121.689097609657,38.1145404320375],[-121.689098057916,38.114540065928],[-121.689099067623,38.1145392418283],[-121.689100522894,38.1145379618586],[-121.689101421209,38.114537269219],[-121.689102544103,38.1145364041263],[-121.689104003865,38.1145353036774],[-121.689107046459,38.1145334618215],[-121.689110088155,38.1145316199654],[-121.68911290617,38.1145299604573],[-121.689115608302,38.1145282133091],[-121.689123262847,38.1145232475065],[-121.689126976482,38.1145207660186],[-121.689130689219,38.1145182852374],[-121.689137661044,38.1145134183826],[-121.689140358685,38.114511491713],[-121.689143054529,38.1145094745762],[-121.689145411708,38.1145076419077],[-121.68914799706,38.114505806412],[-121.689150584208,38.1145040606767],[-121.689153288137,38.1145024032883],[-121.689156332527,38.1145006504852],[-121.68915960509,38.1144988955617],[-121.689162992637,38.1144971385179],[-121.689171800618,38.1144926964338],[-121.689178917072,38.1144891773984],[-121.689184781274,38.1144862061139],[-121.689184913326,38.1144861396769],[-121.689185123532,38.1144860258861],[-121.689185249296,38.1144859481407],[-121.689186590481,38.1144850215579],[-121.689187823868,38.1144840144027],[-121.689187936157,38.1144839225219],[-121.689188595521,38.1144832765289],[-121.68918895305,38.1144829259683],[-121.689189053662,38.1144828277265],[-121.689189189307,38.1144826750629],[-121.689190278964,38.1144814608224],[-121.689191736929,38.1144802706122],[-121.689192150154,38.1144799949697],[-121.689192974808,38.1144794436846],[-121.689193975531,38.1144787008634],[-121.689194209991,38.1144785262898],[-121.68919466364,38.1144782527677],[-121.689196801631,38.1144769607818],[-121.689198943214,38.1144756709161],[-121.689201202477,38.1144745598647],[-121.689203007193,38.1144735449348],[-121.689204809213,38.1144724395376],[-121.689206612132,38.1144713348471],[-121.689212690133,38.1144673804367],[-121.689218205789,38.1144637942564],[-121.689221240298,38.1144615926497],[-121.689224159823,38.1144593924565],[-121.689225846859,38.1144581987121],[-121.689227532997,38.1144570056744],[-121.689229219135,38.1144558126367],[-121.689231019358,38.1144546174787],[-121.689232396476,38.1144539234248],[-121.689233955951,38.1144531367832],[-121.689234298209,38.1144529558485],[-121.689235874752,38.1144521204394],[-121.689237567178,38.1144511966833],[-121.689239145518,38.1144502750475],[-121.689240723858,38.1144493534116],[-121.689242638168,38.1144481568399],[-121.689244436595,38.1144468719212],[-121.689246236819,38.114445676763],[-121.689248035246,38.1144443918443],[-121.689249722283,38.1144431988064],[-121.689251522506,38.1144420036482],[-121.689253213136,38.1144409908381],[-121.689255019648,38.1144400656683],[-121.68925682616,38.1144391404984],[-121.689259265984,38.1144379545282],[-121.689259876839,38.1144376583891],[-121.689261792945,38.1144365515777],[-121.689263029027,38.1144358108764],[-121.689263483574,38.1144355380608],[-121.689268656972,38.1144319568264],[-121.689274955061,38.1144276398377],[-121.68928327885,38.1144219446352],[-121.689286100458,38.1144200250309],[-121.689286267545,38.11441991124],[-121.689286653821,38.1144196483192],[-121.68928856813,38.114418451747],[-121.689290485135,38.1144173449354],[-121.689293419033,38.1144157744785],[-121.689295676499,38.1144145729589],[-121.689297817185,38.1144132837989],[-121.689303218754,38.1144096990295],[-121.689309071278,38.1144058379103],[-121.68931627936,38.1144013279701],[-121.68932044934,38.1143988408239],[-121.689326201253,38.1143956108555],[-121.689332298118,38.1143924664069],[-121.689338059913,38.1143896866549],[-121.68934449724,38.1143864467912],[-121.689353532495,38.1143819114059],[-121.689357596473,38.1143797854219],[-121.689358154327,38.1143794998841],[-121.689359402985,38.1143788602512],[-121.689368874822,38.1143734194845],[-121.689375411862,38.1143695484685],[-121.689378339472,38.1143677080219],[-121.689381271573,38.1143660478034],[-121.689383753618,38.1143646632277],[-121.689386351546,38.114363366999],[-121.68938985228,38.1143616085384],[-121.689393469796,38.1143599384248],[-121.689401161171,38.1143565911298],[-121.689403764489,38.1143555648897],[-121.689406370502,38.1143546291172],[-121.689412037075,38.1143526600368],[-121.689419856909,38.1143499410661],[-121.689424841661,38.1143481614018],[-121.68943050464,38.1143460127999],[-121.689430962781,38.1143458361057],[-121.689432203354,38.1143453590312],[-121.689434811164,38.1143445130192],[-121.689447646292,38.114341363621],[-121.68945491546,38.1143395521515],[-121.68946161779,38.1143379286847],[-121.689464912811,38.1143371625384],[-121.689468438698,38.1143364833257],[-121.689471963687,38.114335804113],[-121.689475607254,38.114335303008],[-121.689477657209,38.1143350047481],[-121.689479598469,38.1143349771838],[-121.689481535237,38.1143347700981],[-121.689481649323,38.1143347658574],[-121.689485986389,38.1143346174343],[-121.689490325252,38.1143345566515],[-121.689495012661,38.11433476091],[-121.689500956813,38.1143349474992],[-121.689503015752,38.1143350980427],[-121.689504732432,38.1143352542404],[-121.689507595363,38.1143355737036],[-121.689510574176,38.1143359822207],[-121.689519280648,38.114337119425],[-121.689523173048,38.1143375145134],[-121.689523285338,38.114337525115],[-121.689527294519,38.1143379067746],[-121.68953038113,38.1143380431826],[-121.689533924086,38.1143385654908],[-121.689534278022,38.1143386177923],[-121.689536457335,38.1143390376178],[-121.689538292593,38.1143394659248],[-121.689538639343,38.1143395464973],[-121.689539211569,38.114339721778],[-121.689541169897,38.1143403204181],[-121.689543127326,38.1143410130596],[-121.689545084755,38.1143417049943],[-121.689546815808,38.1143424909303],[-121.689553969991,38.1143457194875],[-121.689559975229,38.1143486038441],[-121.689566909325,38.1143521949776],[-121.689572459116,38.1143551761625],[-121.689576506925,38.1143573685843],[-121.689580444241,38.1143597426476],[-121.689581246436,38.1143602084136],[-121.689582411551,38.1143608847989],[-121.689584269267,38.1143622078851],[-121.689586360545,38.1143637981329],[-121.689588452722,38.1143653883806],[-121.689594622351,38.1143705202865],[-121.689600213465,38.1143753002172],[-121.689604635872,38.1143789266883],[-121.689609178652,38.1143828217341],[-121.689615229704,38.1143877748243],[-121.689617326372,38.1143895445928],[-121.689619426633,38.1143914945892],[-121.6896221099,38.1143939760815],[-121.689624680879,38.1143965494546],[-121.68962619993,38.1143980570088],[-121.689627489911,38.1143995688036],[-121.689628899367,38.1144012579992],[-121.689630075262,38.1144027712075],[-121.689631139766,38.1144043755899],[-121.689632201574,38.1144058902117],[-121.689633151992,38.1144074967143],[-121.689633988323,38.1144091039238],[-121.689634940538,38.114410800187],[-121.689636490131,38.1144136576836],[-121.68963803703,38.1144164247127],[-121.689639817491,38.1144193691426],[-121.689641825226,38.1144223100385],[-121.689643244564,38.11442444945],[-121.689644548918,38.1144265902751],[-121.689645266672,38.1144280193765],[-121.689645982629,38.1144293587173],[-121.689649468991,38.1144370477345],[-121.689650792209,38.1144399978178],[-121.689651889052,38.1144430411953],[-121.689652382227,38.1144446540582],[-121.689652875402,38.1144462662142],[-121.689653369476,38.114447879077],[-121.689653615614,38.1144486855083],[-121.689653680293,38.1144495124362],[-121.689653762039,38.1144505726001],[-121.689653776413,38.1144507521212],[-121.689653788989,38.114451292098],[-121.689653848278,38.1144539001012],[-121.689653795277,38.1144565999851],[-121.689653631784,38.1144594815102],[-121.689653551834,38.1144610123867],[-121.68965325,38.1144628160787],[-121.689652946369,38.1144645293032],[-121.689652324735,38.1144673274285],[-121.689652119021,38.1144679614065],[-121.689651684236,38.1144693155888],[-121.689651473132,38.1144696816986],[-121.689650584698,38.1144712203494],[-121.689650352933,38.114471577978],[-121.689649701654,38.1144725823063],[-121.689648788068,38.1144738325925],[-121.689648704524,38.1144739456766],[-121.689647369628,38.1144754942222],[-121.689646252124,38.1144765897245],[-121.689645248705,38.1144776831065],[-121.689644129405,38.1144786888483],[-121.689643009205,38.1144796938833],[-121.689639196755,38.1144828065231],[-121.689635158828,38.1144861022178],[-121.689634717755,38.1144863870484],[-121.68963301994,38.1144874818438],[-121.689627166517,38.1144912524914],[-121.689621083126,38.1144950266727],[-121.689611844852,38.114500644831],[-121.68960891814,38.1145025750348],[-121.689607917417,38.1145033178557],[-121.689606446875,38.114504409117],[-121.68960173072,38.1145079839869],[-121.689591515078,38.1145158652388],[-121.689588821031,38.1145179721359],[-121.6895848918,38.1145209964273],[-121.689578725764,38.1145259438539],[-121.689578273013,38.1145263071364],[-121.689568856872,38.1145341770779],[-121.6895663892,38.1145361913869],[-121.689564038309,38.1145382933361],[-121.6895618033,38.1145404843388],[-121.68955923861,38.1145432188515],[-121.689557918087,38.1145453087853],[-121.689557804899,38.1145454883062],[-121.689557698898,38.1145458501749],[-121.689557486896,38.114546572499],[-121.689557380894,38.114546933661],[-121.689557382691,38.1145470241282],[-121.689557388979,38.1145472934095],[-121.689557395267,38.1145475633976],[-121.689557400657,38.1145478333856],[-121.689557406945,38.1145481033737],[-121.689557411437,38.1145482828945],[-121.68955767644,38.1145498985821],[-121.689557929765,38.1145515192171],[-121.68955794324,38.1145516047369],[-121.689558059122,38.1145519637786],[-121.689558317837,38.1145527680885],[-121.689558434618,38.1145531271301],[-121.689559154169,38.1145546466963],[-121.689559644649,38.1145558072207],[-121.689559757837,38.1145560772087],[-121.689560705559,38.1145575939477],[-121.689561417025,38.1145587530585],[-121.689563181316,38.1145609779858],[-121.689565060592,38.1145632905531],[-121.689566937172,38.1145654235996],[-121.689567171633,38.1145656900537],[-121.68956822356,38.1145667551634],[-121.689569503659,38.1145678167391],[-121.689575783781,38.1145727669897],[-121.689580085813,38.1145761255832],[-121.689589739109,38.1145836343575],[-121.689590084961,38.1145839022251],[-121.689591830387,38.1145853171879],[-121.689593110486,38.1145863787634],[-121.689600452417,38.1145928436306],[-121.689604065441,38.1145960318906],[-121.689610127273,38.1146014351816],[-121.689617940819,38.1146085227158],[-121.689619573956,38.1146100295588],[-121.68962073997,38.1146110925475],[-121.689621794592,38.1146122474168],[-121.689628235512,38.1146192649792],[-121.68963349964,38.1146247686305],[-121.689637361497,38.1146288530788],[-121.689638411628,38.1146298284272],[-121.689638943431,38.1146306306159],[-121.689639475233,38.1146314328046],[-121.689639638727,38.1146316660401],[-121.68963972227,38.1146317847782],[-121.68964053794,38.1146329474217],[-121.689640774197,38.1146333036359],[-121.689641720123,38.1146347299061],[-121.689643019087,38.114636601444],[-121.689644087184,38.1146379238184],[-121.689644311763,38.1146382022875],[-121.689649115953,38.1146435334845],[-121.689653093693,38.1146477062785],[-121.689658349736,38.1146528508864],[-121.689660337707,38.1146548920497],[-121.689662323882,38.1146568434525],[-121.689666306114,38.1146611957663],[-121.689667710181,38.1146627061421],[-121.689670638689,38.1146659035871],[-121.689674964975,38.11467034142],[-121.689679756589,38.1146751326395],[-121.689683852907,38.1146794835387],[-121.689688191769,38.1146844606391],[-121.689689598531,38.1146860607746],[-121.689690778917,38.1146877534975],[-121.68969207339,38.1146894448068],[-121.689693367862,38.1146911361161],[-121.689694660538,38.1146927369583],[-121.689696068198,38.1146943370937],[-121.689699823156,38.1146987826994],[-121.689704622854,38.1147039336647],[-121.689709181804,38.1147085481886],[-121.689713624872,38.1147130743656],[-121.689715031633,38.1147146737938],[-121.689716322512,38.1147161848753],[-121.689717615188,38.1147177864237],[-121.689719023747,38.1147194763188],[-121.689720433203,38.114721165507],[-121.689721954051,38.1147227642282],[-121.689723359016,38.114724273896],[-121.689724879864,38.1147258719104],[-121.689726511204,38.114727288284],[-121.689728258428,38.1147287930043],[-121.689729893361,38.114730389605],[-121.68973130192,38.1147320794998],[-121.689733757016,38.1147345645144],[-121.689736101618,38.1147372304628],[-121.689737276615,38.1147386531972],[-121.68973868158,38.1147401628646],[-121.689739969764,38.1147415848921],[-121.68974242486,38.1147440691996],[-121.689744994041,38.1147465520935],[-121.689747210185,38.1147485904269],[-121.689749084071,38.1147506337078],[-121.689753296271,38.1147550729491],[-121.689757741135,38.1147596888834],[-121.68976183925,38.1147641295376],[-121.68976628591,38.1147688359382],[-121.689770494517,38.1147730956582],[-121.689775398421,38.1147777949904],[-121.689777842736,38.1147798297892],[-121.68978017117,38.1147817762413],[-121.689782736758,38.1147840796137],[-121.68978552962,38.114786379452],[-121.689791244702,38.1147916074494],[-121.689795212561,38.1147953307275],[-121.689799776002,38.1148001247659],[-121.68980187806,38.1148021645115],[-121.689803978321,38.1148041144969],[-121.68980911399,38.1148089912271],[-121.689813314512,38.1148128904907],[-121.689818095346,38.1148172321936],[-121.689823109742,38.1148217498826],[-121.689827193483,38.1148255615057],[-121.689832792682,38.1148307011538],[-121.689835010623,38.114832829245],[-121.689837117172,38.1148350492166],[-121.68983945369,38.1148373554143],[-121.689841790208,38.114839661612],[-121.689844356695,38.1148420547425],[-121.689846920487,38.1148442683528],[-121.689849480685,38.1148463914962],[-121.68985181361,38.1148485181735],[-121.689856368069,38.1148529524614],[-121.689861271972,38.1148576517886],[-121.689865241627,38.1148614648234],[-121.689870612654,38.1148666080028],[-121.689873061462,38.1148688230259],[-121.689875508472,38.1148709475822],[-121.689878071366,38.1148731611917],[-121.689880405189,38.1148753776281],[-121.689881687983,38.1148765289594],[-121.689882742605,38.1148776838246],[-121.689883912212,38.1148789270361],[-121.689884968631,38.1148801716613],[-121.689885910963,38.1148814176999],[-121.689886964687,38.1148825725649],[-121.689888133395,38.1148837260165],[-121.689889301205,38.114884879468],[-121.689893501728,38.1148887787275],[-121.689898519717,38.1148934766388],[-121.689905635272,38.1149000347727],[-121.689908789257,38.1149031396202],[-121.689910194222,38.1149046492842],[-121.689911246149,38.1149057136821],[-121.689911597391,38.1149060691882],[-121.689913823416,38.114908557024],[-121.689914741494,38.1149097316782],[-121.689915353247,38.114910514781],[-121.689916988181,38.1149121113778],[-121.689922130137,38.1149172573807],[-121.689926102488,38.1149211601724],[-121.689930075736,38.1149251527238],[-121.68993486735,38.1149299439266],[-121.689939075957,38.1149342036371],[-121.689943634907,38.1149388181464],[-121.689945269841,38.1149404147426],[-121.689947019759,38.1149420092184],[-121.689949234106,38.1149439577865],[-121.689950981329,38.1149454625023],[-121.689952502177,38.1149470605119],[-121.689956364035,38.1149511449421],[-121.689961865317,38.1149570061946],[-121.689967596569,38.1149629536726],[-121.689970524178,38.1149661511044],[-121.689971694683,38.1149673943145],[-121.689972751102,38.1149686389381],[-121.689973809317,38.1149699740284],[-121.689976276091,38.1149729983011],[-121.689978857849,38.11497602116],[-121.689981669576,38.114979130245],[-121.689987524795,38.1149855258139],[-121.689989633141,38.1149878355406],[-121.689991855573,38.1149901438538],[-121.689994076208,38.1149923617003],[-121.689996303132,38.1149946664795],[-121.689996648983,38.1149950248122],[-121.68999782398,38.1149964475416],[-121.68999865582,38.1149978752183],[-121.689998903755,38.1149982264833],[-121.689999599949,38.1149992117216],[-121.690000433586,38.1150007291581],[-121.690001384003,38.1150023356477],[-121.690002444015,38.1150037604972],[-121.690002693747,38.1150041110554],[-121.690003269567,38.1150049181874],[-121.69000537432,38.1150070476871],[-121.69000759226,38.1150091757732],[-121.690009819184,38.1150116643122],[-121.690012159295,38.115014150024],[-121.690017195251,38.1150196578862],[-121.690020830733,38.1150238348993],[-121.690021066989,38.1150241465851],[-121.690022243782,38.1150257050138],[-121.690023181624,38.1150267715302],[-121.690023895784,38.1150280211002],[-121.690024723133,38.1150292685499],[-121.690024960288,38.1150296254689],[-121.690026487424,38.1150314934629],[-121.690027663319,38.1150330059513],[-121.690029340473,38.115034893028],[-121.690031297004,38.1150370939107],[-121.690036443452,38.1150424194244],[-121.690041350949,38.1150472989657],[-121.690045797609,38.1150520053481],[-121.690048018245,38.1150542231927],[-121.690050352966,38.1150564396237],[-121.69005280357,38.1150587444008],[-121.69005536826,38.1150610477644],[-121.690056996008,38.1150622846119],[-121.690058392888,38.1150634345267],[-121.690059902956,38.115064583028],[-121.690063269842,38.1150669648428],[-121.690066744525,38.1150690752579],[-121.690069753881,38.115070832288],[-121.69007299141,38.115072586491],[-121.690074842837,38.1150736395782],[-121.690076694265,38.1150746933721],[-121.690078431607,38.1150757485795],[-121.690081098705,38.1150775105568],[-121.690083763108,38.1150791827743],[-121.690086548784,38.1150811228575],[-121.690089445851,38.1150829717674],[-121.690092573784,38.1150849069031],[-121.690095814008,38.1150867508655],[-121.690098592497,38.1150884209625],[-121.69010159826,38.1150899984726],[-121.690103099345,38.1150906974679],[-121.690104716312,38.1150914841026],[-121.690106330585,38.1150921809775],[-121.690110133153,38.1150936574195],[-121.690114050706,38.1150951317411],[-121.690117272065,38.1150961664519],[-121.690120497915,38.1150973806823],[-121.690124061532,38.1150984104457],[-121.690127510164,38.1150993511561],[-121.69013003443,38.1150998557896],[-121.690132446407,38.1151004515964],[-121.690134968876,38.1151008657634],[-121.690137262275,38.1151012834643],[-121.69013955208,38.1151015216456],[-121.690141844581,38.11510184888],[-121.69014390352,38.1151020001287],[-121.690146077443,38.1151021499639],[-121.690148134585,38.1151022107461],[-121.690152132986,38.115102244671],[-121.690156129591,38.1151021881294],[-121.69016058254,38.1151021259337],[-121.690164917809,38.1151018849253],[-121.690166857272,38.1151017676015],[-121.69016879404,38.115101560518],[-121.690170730807,38.1151013534345],[-121.69017460075,38.1151007590412],[-121.690178467099,38.1150999851284],[-121.690180514359,38.1150995964051],[-121.690182559823,38.1150991179221],[-121.690184716678,38.1150985482657],[-121.690189824499,38.1150971269519],[-121.690196402862,38.1150950547032],[-121.690198447427,38.1150945762201],[-121.690209004428,38.1150914692604],[-121.69020968086,38.1150912699514],[-121.690212286872,38.1150903334814],[-121.690212625537,38.1150901490145],[-121.690213979298,38.1150894097334],[-121.690214540745,38.1150891270255],[-121.690215447146,38.1150886697455],[-121.690217587831,38.1150873798907],[-121.690219392546,38.1150863649692],[-121.690221309551,38.1150852581678],[-121.690223230149,38.1150843315925],[-121.690231367987,38.1150805284641],[-121.690233741336,38.1150794160084],[-121.690236114685,38.1150783028458],[-121.690238824903,38.1150769154566],[-121.690241532425,38.1150754376008],[-121.690247966159,38.115072018248],[-121.690255082613,38.1150684992404],[-121.690260166179,38.1150659986883],[-121.690261749909,38.1150653470463],[-121.690263334537,38.1150646946976],[-121.690264920962,38.1150641328155],[-121.690269108907,38.1150624542367],[-121.690273295057,38.1150606866049],[-121.69027725483,38.1150590108531],[-121.690281211011,38.1150571562885],[-121.690282678858,38.1150564155934],[-121.690284260791,38.1150556741917],[-121.690286404172,38.115054474096],[-121.690288314888,38.1150530980147],[-121.690288427178,38.1150530061345],[-121.690289435986,38.1150521820406],[-121.690289997433,38.1150517247603],[-121.69029072417,38.1150510399001],[-121.690291450907,38.1150503543331],[-121.6902926807,38.115049167666],[-121.690294028173,38.115048159105],[-121.690295161847,38.1150474318385],[-121.690295604717,38.1150471470101],[-121.690295935297,38.1150469540619],[-121.690302029468,38.1150433686167],[-121.690307663701,38.1150399605707],[-121.690314531321,38.1150355453769],[-121.690316894789,38.1150339827079],[-121.690319374139,38.115032508385],[-121.69032084019,38.1150316779299],[-121.690322422123,38.1150309358211],[-121.690323774087,38.1150301074862],[-121.690325244629,38.1150294565508],[-121.690326938852,38.1150286232686],[-121.69032863577,38.1150278797462],[-121.690330213211,38.1150269581176],[-121.690331794246,38.1150261262489],[-121.690338104911,38.1150223485612],[-121.690343510074,38.1150189440481],[-121.690349810858,38.115014716854],[-121.690354761473,38.1150114084612],[-121.690362634308,38.1150059896516],[-121.690364092274,38.1150047994499],[-121.69036555024,38.1150036092483],[-121.690370042714,38.1150002174562],[-121.690376100953,38.1149953640622],[-121.690381595947,38.1149908781886],[-121.690386310306,38.1149872128756],[-121.690391018376,38.1149832782828],[-121.690396177401,38.1149790673424],[-121.690398310001,38.1149774177392],[-121.6904004435,38.1149757681361],[-121.69040651162,38.1149713642468],[-121.690410789397,38.1149686050131],[-121.69041753844,38.1149640117088],[-121.690420465151,38.1149620815172],[-121.690423620933,38.1149602375517],[-121.690426324862,38.1149585801737],[-121.690429026994,38.1149568330356],[-121.69043049035,38.1149559128198],[-121.690431724635,38.114954905671],[-121.690433072108,38.1149538971087],[-121.690434417784,38.1149527987865],[-121.690435537085,38.1149517930513],[-121.690436773167,38.1149508763691],[-121.690438123335,38.1149499575667],[-121.690439358518,38.1149490401778],[-121.690443748585,38.1149461897698],[-121.690450618002,38.1149418643303],[-121.690457376028,38.1149376307708],[-121.690461767891,38.1149348701224],[-121.690463568115,38.114933675679],[-121.690464028951,38.1149333180527],[-121.690465925295,38.1149318430211],[-121.690466156162,38.1149316642079],[-121.690468170184,38.1149301022433],[-121.690470191394,38.1149285438126],[-121.690472326689,38.1149269846751],[-121.690475364792,38.1149249626023],[-121.69047840469,38.1149230302894],[-121.690480994533,38.1149213750309],[-121.690483469392,38.1149197204791],[-121.690488975166,38.1149156841075],[-121.690493915901,38.1149119262036],[-121.690500536484,38.1149067052826],[-121.690504125254,38.1149037757146],[-121.690509056106,38.1148995675966],[-121.690513990552,38.1148955397052],[-121.690516399834,38.1148934815862],[-121.690518809115,38.1148914234671],[-121.690523857647,38.114887393455],[-121.690528114763,38.1148837352045],[-121.690533828947,38.1148787962834],[-121.69053640801,38.1148766908102],[-121.690539216144,38.1148745825098],[-121.690540900485,38.1148732990121],[-121.690542469842,38.1148720176348],[-121.690544040097,38.1148707355506],[-121.690545944525,38.1148690894789],[-121.690547733071,38.1148673550607],[-121.690550640917,38.114864614906],[-121.69055366285,38.1148618733376],[-121.690556686579,38.114859222236],[-121.69055982709,38.1148566587739],[-121.690561041612,38.1148557371432],[-121.690561399141,38.1148554671563],[-121.690562238168,38.1148546904138],[-121.690563077194,38.1148539136714],[-121.690563423046,38.1148535560447],[-121.690564750756,38.1148521806663],[-121.690565978753,38.114850904236],[-121.690571763903,38.114844075404],[-121.690575433521,38.1148397047251],[-121.690579765197,38.1148342456166],[-121.690582766469,38.1148306050328],[-121.690585871945,38.1148265128213],[-121.690586080354,38.1148261452996],[-121.690586750497,38.1148249706441],[-121.690586959804,38.1148246038293],[-121.690587629948,38.1148234291737],[-121.69058801263,38.1148227040253],[-121.690588396211,38.1148219788768],[-121.690588505805,38.1148217074762],[-121.690591965217,38.1148131117105],[-121.690594132852,38.1148079529784],[-121.690596063331,38.1148024373257],[-121.690596710118,38.1148007191617],[-121.690597127835,38.1147990038246],[-121.69059754645,38.1147972884876],[-121.690597939912,38.1147944939088],[-121.690598137541,38.1147931418528],[-121.690598131253,38.1147928718657],[-121.69059811688,38.1147922421312],[-121.690598100711,38.1147915226367],[-121.690598092626,38.1147911628894],[-121.690597825826,38.114789457447],[-121.690597583281,38.1147878410579],[-121.690597556331,38.1147876615377],[-121.690596435234,38.1147835389325],[-121.690595322221,38.1147797753677],[-121.690592993788,38.1147727903323],[-121.690592147575,38.1147707329166],[-121.690591299566,38.1147685857407],[-121.690590702186,38.1147674245129],[-121.69059010301,38.1147661735249],[-121.690589388849,38.1147649239504],[-121.690588675587,38.1147636743759],[-121.690587733254,38.1147624283353],[-121.690586789124,38.1147610918277],[-121.69058584769,38.1147598450802],[-121.690584552319,38.1147581537725],[-121.690583503087,38.1147571791326],[-121.690582448465,38.1147560242656],[-121.690580819819,38.1147546976526],[-121.690580354492,38.1147543442662],[-121.690579076189,38.1147533724533],[-121.690578600981,38.1147529349608],[-121.690577443052,38.11475186632],[-121.690575922205,38.1147502683062],[-121.690574517239,38.1147487586389],[-121.690573576703,38.1147476016514],[-121.690572751152,38.1147464439571],[-121.690572041482,38.1147453739027],[-121.690571091963,38.1147437681143],[-121.690570869181,38.1147434952998],[-121.690570151427,38.1147426118334],[-121.690570020273,38.1147424400876],[-121.690569327672,38.1147415438993],[-121.690568275745,38.1147404787922],[-121.690563374537,38.1147358692177],[-121.690558825468,38.1147317042032],[-121.690551482639,38.1147252400551],[-121.690549154206,38.1147232928947],[-121.690543679872,38.1147186013334],[-121.690539602419,38.1147150603989],[-121.690535179115,38.1147114332378],[-121.690529362523,38.1147067466232],[-121.690525054203,38.1147031187549],[-121.690519577175,38.1146983374321],[-121.690516895704,38.1146959457104],[-121.69051432742,38.1146934628148],[-121.690512224464,38.1146914230662],[-121.690510011015,38.1146894744913],[-121.690505468235,38.1146855794618],[-121.690500115174,38.1146812462323],[-121.690492436375,38.114675056308],[-121.690489763887,38.1146730243333],[-121.690486391612,38.114670372518],[-121.690479297616,38.1146648045538],[-121.690473833164,38.1146605624969],[-121.690468248338,38.1146560525725],[-121.690468036336,38.1146559055635],[-121.690466971832,38.1146551705186],[-121.690466142687,38.1146542891715],[-121.690466061839,38.1146542036518],[-121.690465802225,38.1146539273032],[-121.690464633517,38.1146527745548],[-121.690463461216,38.1146514415791],[-121.690461946656,38.114650112844],[-121.690460662065,38.1146488717488],[-121.690459265185,38.1146477218275],[-121.690457519758,38.1146463061591],[-121.690455890215,38.1146449795442],[-121.690454033397,38.1146436564632],[-121.690452289767,38.1146423312618],[-121.690450546137,38.1146410060604],[-121.690448803405,38.1146396808589],[-121.69044705169,38.1146379966162],[-121.690445302671,38.114636401427],[-121.690443552752,38.1146348062378],[-121.690442268162,38.1146335651423],[-121.690440983571,38.1146323233401],[-121.69043958669,38.1146311734185],[-121.690437262749,38.114629406483],[-121.690434823823,38.1146276416678],[-121.690428896739,38.1146231366887],[-121.690422382156,38.1146179199877],[-121.690418889506,38.1146149995962],[-121.690416676956,38.1146131414864],[-121.690414462609,38.1146111929094],[-121.690411896122,38.1146087997713],[-121.690409325143,38.1146062271125],[-121.690407102711,38.1146039187871],[-121.690404880279,38.1146016111685],[-121.69040043272,38.1145969054639],[-121.690394942217,38.114591494398],[-121.690391207023,38.1145879478031],[-121.690388872301,38.1145857313578],[-121.690386311204,38.1145836082068],[-121.690383750107,38.1145814843489],[-121.690381299503,38.1145791795567],[-121.690376163835,38.114574303518],[-121.690372077398,38.1145704021213],[-121.690367879571,38.1145665926052],[-121.690362282169,38.1145615426989],[-121.6903577331,38.1145573783813],[-121.690352831892,38.1145527687952],[-121.690351433215,38.1145515284052],[-121.690349922249,38.1145503806027],[-121.690348411282,38.1145492320933],[-121.690345501639,38.1145468439006],[-121.690342591996,38.1145444550011],[-121.6903413101,38.1145433036645],[-121.690340143189,38.1145422406749],[-121.690338975379,38.1145410872179],[-121.69033791896,38.1145398425871],[-121.690336867033,38.114538777477],[-121.69033581241,38.1145376226065],[-121.690334646397,38.1145365596168],[-121.690333480384,38.114535496627],[-121.690331967621,38.114534258357],[-121.690330338077,38.1145329310333],[-121.690328598939,38.1145317860576],[-121.690326741223,38.1145304629745],[-121.690324995796,38.1145290480106],[-121.69032325037,38.1145276323399],[-121.690320569797,38.1145252413194],[-121.690317886529,38.1145227598316],[-121.690316603735,38.1145216077879],[-121.690315320941,38.114520456451],[-121.690313924959,38.1145193065277],[-121.69031113569,38.1145171862018],[-121.69030822964,38.1145149782357],[-121.690305788917,38.1145131229506],[-121.690303232312,38.1145111793184],[-121.690298226899,38.1145070213588],[-121.690292757956,38.1145025997719],[-121.690286241576,38.114497292595],[-121.690282634841,38.1144943743189],[-121.690281236164,38.1144931346346],[-121.690279839283,38.1144919847109],[-121.690273188157,38.1144857799282],[-121.690270503093,38.1144832086785],[-121.690267930318,38.1144805455479],[-121.690266759813,38.1144793023295],[-121.690265475222,38.1144780612315],[-121.690264190631,38.1144768194266],[-121.690261391481,38.1144742495902],[-121.690254515776,38.1144682285677],[-121.690248922865,38.1144633581757],[-121.690244845412,38.1144598172288],[-121.690243329954,38.1144584884902],[-121.690241927684,38.1144570685775],[-121.690235608934,38.1144504100417],[-121.690233853626,38.1144485448599],[-121.690232209709,38.1144465885041],[-121.690230680776,38.1144446307345],[-121.690229618069,38.1144431161136],[-121.690227981339,38.114441429746],[-121.69022494683,38.1144385934538],[-121.690218524774,38.1144323858395],[-121.690211875444,38.114426271519],[-121.690210590853,38.1144250297133],[-121.690209071802,38.1144235214529],[-121.690200747114,38.1144140117785],[-121.690197694639,38.1144103655195],[-121.690194167853,38.1144059170692],[-121.690193827392,38.1144055551997],[-121.690192997348,38.1144046738496],[-121.690192764685,38.1144044971555],[-121.690191602265,38.114403613685],[-121.690182973946,38.1143958172342],[-121.690176769283,38.1143902520761],[-121.69017457919,38.1143882879441],[-121.690173180513,38.114387048258],[-121.690171895922,38.1143858064516],[-121.690170723621,38.114384473471],[-121.690166513217,38.1143801239678],[-121.690164411159,38.1143780842105],[-121.690158331362,38.1143718716435],[-121.690155409142,38.1143689434677],[-121.690149915046,38.1143633528635],[-121.690146639788,38.1143599801246],[-121.69014371667,38.1143569621876],[-121.69013775006,38.1143507482053],[-121.690136465469,38.1143495063983],[-121.690128977113,38.1143416039252],[-121.690124527757,38.1143368084431],[-121.690120311065,38.1143321889483],[-121.690119024678,38.1143308573802],[-121.690117163369,38.1143293540653],[-121.690115075684,38.114327944045],[-121.690113333851,38.1143267093053],[-121.690111933377,38.1143253791507],[-121.690110418818,38.1143240511165],[-121.690108899766,38.114322542854],[-121.690107380715,38.1143210345915],[-121.690105859867,38.1143194365682],[-121.690104570785,38.1143180152393],[-121.690103168515,38.1143165953238],[-121.690101185933,38.1143148234333],[-121.690099671373,38.1143134953988],[-121.690098044524,38.1143122585386],[-121.690096302691,38.1143110237987],[-121.690094908506,38.1143099636327],[-121.69009339754,38.1143088151196],[-121.690091998863,38.1143075747254],[-121.690089317391,38.1143051836977],[-121.69008721174,38.1143029637101],[-121.690084989308,38.1143006560819],[-121.69008265279,38.1142983491605],[-121.690079388313,38.1142954266358],[-121.690076243311,38.1142925889244],[-121.690075656711,38.114292059548],[-121.690073968777,38.1142905505781],[-121.690073675027,38.1142902883637],[-121.690069576913,38.1142858469738],[-121.690064542754,38.1142804295238],[-121.690060565014,38.1142762574156],[-121.690055882995,38.1142712845281],[-121.690052955385,38.1142680870658],[-121.69004768497,38.1142623126917],[-121.690046633042,38.1142612475777],[-121.69004557842,38.1142600927028],[-121.690044416899,38.1142592099374],[-121.690043364073,38.1142581448232],[-121.690041618647,38.114256729854],[-121.690039875915,38.1142554046456],[-121.690038025385,38.1142540759033],[-121.690037785535,38.1142539048631],[-121.690037660669,38.1142538257039],[-121.690037216003,38.1142535436996],[-121.690036394943,38.1142530242179],[-121.690036052685,38.1142528446963],[-121.69003489296,38.1142522354538],[-121.690032017453,38.1142513767187],[-121.690029715969,38.114250599263],[-121.690027418079,38.1142500013289],[-121.690025120188,38.1142494041016],[-121.690023625391,38.1142489750875],[-121.690022018305,38.1142486379544],[-121.690020413914,38.1142483905822],[-121.69001881132,38.114248133315],[-121.690018350484,38.1142480598101],[-121.690016738008,38.1142479184545],[-121.690014802139,38.1142477495346],[-121.690012635402,38.1142478696868],[-121.690009449976,38.1142484541921],[-121.690007294918,38.1142491143227],[-121.690005025773,38.1142497758668],[-121.690003212973,38.1142504317566],[-121.690001516056,38.114251175287],[-121.689999820036,38.1142519188173],[-121.689998123119,38.1142526623476],[-121.68999292367,38.1142550745804],[-121.689988853403,38.1142569305789],[-121.68998809253,38.1142573461643],[-121.689986145881,38.1142584084513],[-121.689978118536,38.1142620299807],[-121.689971338052,38.1142652740905],[-121.689968741022,38.1142665703209],[-121.689965129795,38.1142685104257],[-121.689961402685,38.1142703621832],[-121.689958013341,38.114272028765],[-121.689954508115,38.1142736077062],[-121.689951678422,38.114274727242],[-121.689948846034,38.1142757563103],[-121.689947033234,38.1142764121999],[-121.689946463702,38.1142765945485],[-121.689935579714,38.1142800817892],[-121.689928541414,38.114281979487],[-121.689925246393,38.1142827456339],[-121.689921500418,38.1142837881308],[-121.689919337275,38.1142840885113],[-121.689916822891,38.1142840333826],[-121.689913619498,38.1142838086273],[-121.689911901021,38.1142835626688],[-121.689910293935,38.1142832255359],[-121.689908110131,38.1142826261885],[-121.689905227437,38.114281407704],[-121.689902919665,38.1142803602596],[-121.6899005014,38.1142794944571],[-121.689899575237,38.1142789679077],[-121.689899112605,38.1142787042797],[-121.689897489349,38.1142776476472],[-121.689895866093,38.1142765903079],[-121.689895512157,38.1142763302137],[-121.689888665198,38.1142712937162],[-121.689884946173,38.1142684666055],[-121.689877039202,38.1142622794732],[-121.689874598479,38.1142604248883],[-121.689873083021,38.1142590961461],[-121.689871568462,38.1142577681106],[-121.689870165293,38.114256348194],[-121.689868532156,38.1142548420505],[-121.689866899019,38.1142533352001],[-121.689865268576,38.1142519188173],[-121.689860619795,38.1142483849279],[-121.689854916391,38.11424369687],[-121.689847582545,38.1142375917219],[-121.689846418329,38.1142366184886],[-121.689845366401,38.1142355533741],[-121.689844500425,38.1142347950013],[-121.689843850943,38.1142342253382],[-121.689842331892,38.1142327170739],[-121.689836134415,38.1142263263865],[-121.689831344598,38.1142216248984],[-121.689827023702,38.1142174570275],[-121.689825855892,38.1142163042723],[-121.68982480127,38.1142151493967],[-121.689823861632,38.1142139931075],[-121.689822921994,38.1142128361115],[-121.689822096442,38.1142116784088],[-121.689821154109,38.1142104323587],[-121.689820440847,38.1142091827747],[-121.6898196126,38.1142079346043],[-121.689818656793,38.1142060588147],[-121.689817702782,38.1142042727859],[-121.689814346676,38.114197301831],[-121.689810350072,38.1141872818331],[-121.689809601775,38.11418450278],[-121.689808016248,38.1141749881271],[-121.689806185482,38.1141647575061],[-121.689806059718,38.1141635884941],[-121.689806040853,38.1141634103859],[-121.689806029175,38.1141632301573],[-121.689805338371,38.1141525337674],[-121.689805110199,38.1141474986749],[-121.689804962875,38.1141410224598],[-121.689805038333,38.1141393120548],[-121.6898052162,38.114137060257],[-121.689805405744,38.1141353484383],[-121.689805715663,38.1141339044888],[-121.689806023785,38.1141323707784],[-121.68980644779,38.1141309254153],[-121.689806871795,38.1141294800521],[-121.689807416174,38.1141282728735],[-121.68980752487,38.1141280311551],[-121.689808285743,38.1141263108549],[-121.689809053803,38.1141249503052],[-121.689810262935,38.1141228646],[-121.689811588848,38.1141208665354],[-121.689813142934,38.1141188649369],[-121.689815583656,38.1141156823104],[-121.689818252551,38.114112495443],[-121.689819037679,38.1141116776994],[-121.68981947965,38.1141112189997],[-121.689820934022,38.1141098485548],[-121.689821263704,38.1141095686702],[-121.689823735868,38.1141074702426],[-121.689826314931,38.1141053647472],[-121.6898287844,38.114103440894],[-121.689831369751,38.1141016046813],[-121.689839803135,38.1140957285179],[-121.689841160489,38.1140948160657],[-121.689841715648,38.1140944421794],[-121.68984791043,38.1140905760961],[-121.689853878837,38.1140868040142],[-121.689861425584,38.1140821095849],[-121.689865705158,38.1140794400787],[-121.689870093428,38.114076499169],[-121.689876616095,38.1140719991034],[-121.689881334945,38.1140685139731],[-121.68988717669,38.114064203324],[-121.689894135938,38.1140587978729],[-121.689897610622,38.1140558696844],[-121.68990085893,38.1140530354975],[-121.689907803805,38.1140469995979],[-121.68991362938,38.1140419694455],[-121.689917658324,38.1140383139799],[-121.689919562752,38.1140366678894],[-121.689921469876,38.11403511156],[-121.689927756286,38.1140302552747],[-121.689932925192,38.1140264937914],[-121.689938766936,38.1140221831398],[-121.689946627195,38.1140162242767],[-121.689947749191,38.1140153089964],[-121.68994864571,38.1140145767722],[-121.689948862204,38.1140143873551],[-121.689951781728,38.1140118337584],[-121.689958727502,38.1140057978553],[-121.689964996844,38.1140002220658],[-121.689968131066,38.1139973885835],[-121.68997216001,38.1139937331156],[-121.689977647819,38.1139888881361],[-121.689981232097,38.113985779009],[-121.689987958681,38.1139801961502],[-121.689989753515,38.113978731701],[-121.689991664232,38.1139773548925],[-121.689993574949,38.1139759787909],[-121.689995373376,38.1139746938639],[-121.689997057717,38.1139734103504],[-121.689998739363,38.1139720370758],[-121.690001207035,38.1139700234579],[-121.690003553435,38.1139677412633],[-121.690006016615,38.1139655474163],[-121.690008479796,38.1139633535692],[-121.690014648527,38.1139583184636],[-121.69001845918,38.1139551160402],[-121.690025526227,38.1139494384703],[-121.690028554447,38.1139469668579],[-121.690032485475,38.1139440330107],[-121.690038662291,38.1139393576553],[-121.690043932707,38.1139350547732],[-121.690048643472,38.1139312098848],[-121.690053027251,38.1139280894468],[-121.690059321746,38.113923592906],[-121.690064837402,38.1139200059921],[-121.690070462652,38.1139162388489],[-121.690076310685,38.1139121974744],[-121.690081484082,38.1139086162143],[-121.69008407123,38.1139068704647],[-121.690086661073,38.1139052144764],[-121.690089815956,38.1139032807229],[-121.690092854059,38.1139012593286],[-121.690097576502,38.1138979537126],[-121.690103762301,38.113893728574],[-121.690105899393,38.1138922584688],[-121.690108040977,38.1138909692996],[-121.690110295748,38.1138896780101],[-121.690111649509,38.1138889387167],[-121.690112326839,38.1138885697769],[-121.690113506327,38.1138876983154],[-121.690114685815,38.113886826854],[-121.690117385253,38.1138849899291],[-121.690119406462,38.1138834321828],[-121.690125906671,38.1138779426113],[-121.690133410299,38.1138713589415],[-121.690135539306,38.1138695297909],[-121.690140122511,38.1138651470383],[-121.690144706614,38.1138607642854],[-121.690150522307,38.1138552839004],[-121.690153990702,38.1138520864199],[-121.690158125647,38.1138480697792],[-121.690163268502,38.1138431392695],[-121.690166064059,38.1138404909579],[-121.690172329809,38.1138347349264],[-121.690176132377,38.1138311727456],[-121.69018161749,38.1138262372872],[-121.69018766944,38.1138211138244],[-121.690189802041,38.1138194641951],[-121.690191821454,38.1138178166862],[-121.690196427116,38.1138144227186],[-121.69020226886,38.1138101120546],[-121.690207774635,38.1138060763284],[-121.690212829455,38.1138023169539],[-121.690217992073,38.1137982854681],[-121.69022337927,38.1137940709254],[-121.69022461086,38.1137929739993],[-121.690225730161,38.1137919689549],[-121.690233117906,38.1137852976363],[-121.690234794162,38.1137836543673],[-121.690236584504,38.1137820096846],[-121.690238588646,38.1137797324317],[-121.690239479774,38.1137787302142],[-121.690240370903,38.1137777279967],[-121.690241941158,38.1137764466001],[-121.690242277128,38.1137761716617],[-121.69024384918,38.1137749800265],[-121.690245535318,38.1137737869777],[-121.690246599821,38.1137731713701],[-121.690247452323,38.1137726801563],[-121.690248012871,38.1137723098022],[-121.69024981579,38.1137711174602],[-121.690252062477,38.1137694664162],[-121.690258008425,38.1137647048221],[-121.690262942871,38.1137606761614],[-121.690271576579,38.1137535376566],[-121.690273145936,38.1137522562596],[-121.690283945483,38.113744906426],[-121.690290241774,38.1137404996353],[-121.690294853725,38.1137373756552],[-121.690299463879,38.1137341626204],[-121.690305650577,38.1137299367655],[-121.690306998049,38.1137289281863],[-121.690308348217,38.1137280093684],[-121.690309581604,38.1137270022028],[-121.690310813194,38.1137259052757],[-121.690312158871,38.1137248069349],[-121.690313504547,38.1137237085942],[-121.690314852918,38.1137227000149],[-121.690316314477,38.113721690022],[-121.690318788438,38.1137199456816],[-121.690321377382,38.113718289689],[-121.690324755946,38.1137161728738],[-121.690328251291,38.1137141444064],[-121.690334341868,38.1137107299374],[-121.690340095578,38.1137075904068],[-121.690342691709,38.113706204405],[-121.690345403723,38.1137049067512],[-121.690348908949,38.1137033277976],[-121.690349476684,38.1137030535657],[-121.690350829547,38.1137024012049],[-121.690352745654,38.1137012943824],[-121.690357707049,38.1136984361511],[-121.690365371475,38.1136939198062],[-121.690374945719,38.1136882895706],[-121.69037540386,38.1136880209929],[-121.690375733542,38.1136878280411],[-121.690376523161,38.1136873672184],[-121.690376643535,38.1136872958332],[-121.6903769822,38.1136870986407],[-121.690378556048,38.1136859974723],[-121.690379791232,38.1136850800675],[-121.690387988359,38.1136788469449],[-121.690393722305,38.1136748076776],[-121.690398666633,38.1136712292329],[-121.690402147604,38.113668571727],[-121.690405628576,38.1136659135142],[-121.690406747877,38.1136649077613],[-121.690407867178,38.1136639027151],[-121.690408988275,38.1136629874303],[-121.690412116209,38.1136598846504],[-121.690418257991,38.1136536797971],[-121.690424279398,38.1136472077789],[-121.690426844088,38.1136444725259],[-121.690432423524,38.1136386359056],[-121.690435657459,38.1136351719581],[-121.690437216935,38.1136334403377],[-121.690438774613,38.1136316189557],[-121.690444010893,38.1136257872818],[-121.690449468159,38.1136195930273],[-121.690452813485,38.113616037197],[-121.690454824813,38.1136140299304],[-121.690456835242,38.1136120219569],[-121.690459293931,38.113609648576],[-121.690461749027,38.1136070949651],[-121.690466661015,38.1136020775046],[-121.690470343209,38.1135982467344],[-121.690474476358,38.1135941403182],[-121.690479392837,38.11358930238],[-121.690483077727,38.1135855620776],[-121.690488099309,38.113580362972],[-121.690492457036,38.1135760734976],[-121.690497491195,38.1135714143747],[-121.690499506116,38.1135695866301],[-121.690501635124,38.1135677574719],[-121.690504552852,38.1135654667833],[-121.690507584666,38.113563175388],[-121.690510168221,38.1135612494001],[-121.690513094034,38.1135593191715],[-121.690515796166,38.113557572],[-121.690518264736,38.1135556474256],[-121.690520848291,38.1135537221443],[-121.690523430049,38.1135517063946],[-121.690525782737,38.1135496941787],[-121.690528136323,38.1135476819627],[-121.690530498892,38.1135461192618],[-121.690532635984,38.1135446491496],[-121.690534885366,38.113543088569],[-121.690536801472,38.1135419817441],[-121.690538371727,38.1135407003434],[-121.690539493723,38.1135397850571],[-121.690544091301,38.1135360313233],[-121.690549250325,38.1135318202993],[-121.690555644534,38.1135266918685],[-121.690559349186,38.1135238513],[-121.690563835372,38.1135201894473],[-121.690569672625,38.1135156985357],[-121.690574054607,38.1135124883182],[-121.690580907854,38.1135074432865],[-121.690583609987,38.1135056961139],[-121.690586311221,38.1135039489411],[-121.690592273339,38.1134999061302],[-121.690598906499,38.1134952250921],[-121.6906010391,38.1134935754555],[-121.690603060309,38.1134920177009],[-121.690605302504,38.1134901864204],[-121.690607429715,38.1134882674985],[-121.690612922913,38.1134836917706],[-121.690618754776,38.1134789315715],[-121.690622904094,38.1134755439493],[-121.690626827037,38.1134722503294],[-121.690632984988,38.1134667656744],[-121.690639809489,38.1134604618547],[-121.690641153369,38.1134592730414],[-121.690641821715,38.1134585436387],[-121.69064249096,38.1134578149429],[-121.690646510023,38.1134537099323],[-121.690651197432,38.1134488755187],[-121.690655550668,38.1134444058063],[-121.690660240772,38.1134396611539],[-121.690664814095,38.1134348288598],[-121.69066939191,38.1134301760889],[-121.690670957673,38.1134287144558],[-121.69067263393,38.1134270711788],[-121.690674313779,38.1134256081321],[-121.690675882238,38.1134242369675],[-121.690677560291,38.1134226834521],[-121.690679011968,38.1134212239393],[-121.690682694163,38.1134173931596],[-121.690687830729,38.1134121926285],[-121.690692520833,38.1134074486808],[-121.690696424912,38.113403345081],[-121.690698435341,38.1134013378086],[-121.690700560755,38.1133993284157],[-121.690703023936,38.1133971345516],[-121.690705487116,38.1133949406873],[-121.690707059168,38.1133937490459],[-121.690708628525,38.1133924669358],[-121.690715928235,38.1133869667255],[-121.69071798358,38.1133853764565],[-121.690722326935,38.113382018515],[-121.690724692199,38.1133805455723],[-121.690727055666,38.1133789828679],[-121.690728857687,38.1133778781609],[-121.690730662402,38.1133768625089],[-121.690732353031,38.1133758496841],[-121.690735853766,38.1133740904929],[-121.690739468587,38.1133723305948],[-121.69074693179,38.1133689867884],[-121.690752813959,38.1133664748695],[-121.690760293332,38.1133638505714],[-121.690766520453,38.1133614241735],[-121.690771952566,38.1133591886079],[-121.690779871215,38.1133558384398],[-121.690782812299,38.1133545372458],[-121.690785637501,38.113353238172],[-121.690793092619,38.1133495346104],[-121.690795011421,38.1133485182513],[-121.690796701152,38.1133475047193],[-121.690798505867,38.1133464897737],[-121.690801770345,38.1133443743613],[-121.69080491894,38.1133421706005],[-121.690807392002,38.1133404269579],[-121.690809635095,38.1133385956735],[-121.690812328245,38.1133364887424],[-121.690813782617,38.1133351189897],[-121.690814049417,38.1133348087103],[-121.690815118412,38.1133335704199],[-121.690819457275,38.1133284709534],[-121.690823351471,38.1133239178327],[-121.690831579141,38.1133139959584],[-121.690833579689,38.1133115384601],[-121.690839694521,38.1133041645514],[-121.690841695069,38.1133017077596],[-121.690847585323,38.1132945169078],[-121.690849478073,38.113292331522],[-121.690851257636,38.1132902373116],[-121.690857058956,38.1132841278431],[-121.690858624719,38.1132826662071],[-121.690859746715,38.1132817502109],[-121.69086299682,38.1132790057559],[-121.690866590979,38.1132763461154],[-121.690868838564,38.1132746950602],[-121.690871199337,38.1132730425915],[-121.690873567296,38.1132715724738],[-121.690874015555,38.1132712932928],[-121.690874974956,38.1132707851126],[-121.690875934357,38.1132702769326],[-121.690877969041,38.1132693489207],[-121.69087966506,38.1132686046736],[-121.69088159015,38.1132678583062],[-121.690882157885,38.1132676738347],[-121.690884197959,38.1132670115749],[-121.690886693479,38.113266256726],[-121.690889642648,38.1132653159919],[-121.69089020679,38.1132651237457],[-121.690891568636,38.1132646586796],[-121.690899600473,38.1132612173316],[-121.690904465748,38.1132591697684],[-121.690914195401,38.1132550739349],[-121.690917586541,38.113253497092],[-121.690919285256,38.1132528433135],[-121.690920979478,38.113252010011],[-121.690922671904,38.1132510862397],[-121.690926170842,38.1132492379902],[-121.690929899749,38.1132474759688],[-121.690932839935,38.1132461747729],[-121.69093589241,38.1132447824013],[-121.690941999157,38.1132420874201],[-121.690946180815,38.1132400949857],[-121.690950361574,38.1132381018445],[-121.690952394462,38.1132370833635],[-121.690954536944,38.1132358839448],[-121.690958597329,38.1132335769897],[-121.690966602216,38.1132289666133],[-121.690975730896,38.1132235300017],[-121.690978434825,38.1132218725843],[-121.690981250146,38.1132201232843],[-121.690990364452,38.1132140576308],[-121.690995875617,38.1132102911579],[-121.69100127539,38.1132066165674],[-121.691004645869,38.1132041399823],[-121.691007900465,38.1132015750486],[-121.691009246141,38.1132004767],[-121.691010477732,38.1131993797649],[-121.691011706627,38.113198192361],[-121.691015395109,38.1131946322695],[-121.69102109492,38.1131890634859],[-121.691027688554,38.113182673414],[-121.691030140955,38.1131802067231],[-121.691030591909,38.1131797536719],[-121.691030916201,38.113179382608],[-121.69103170582,38.1131784779191],[-121.691038715374,38.1131702827089],[-121.691043162933,38.1131649118242],[-121.691046830755,38.1131604512826],[-121.691050830054,38.1131554472204],[-121.691054483502,38.1131503576364],[-121.69105570072,38.1131486309521],[-121.691056803851,38.1131469056812],[-121.691057791099,38.1131450927686],[-121.691058777449,38.1131432791491],[-121.691059878784,38.1131414648228],[-121.691061096001,38.1131397381382],[-121.691065084521,38.1131342838502],[-121.691068738868,38.1131291942647],[-121.691072607013,38.1131234713962],[-121.691075587623,38.113118930985],[-121.69107924197,38.1131138413985],[-121.691083012199,38.1131088401602],[-121.691085005561,38.1131061133685],[-121.691091002714,38.1130985613282],[-121.691093003262,38.1130961038227],[-121.691095115201,38.1130935551414],[-121.691097117546,38.1130911881048],[-121.691099010296,38.1130890020061],[-121.691099548387,38.1130881793036],[-121.691099782847,38.1130878216683],[-121.691100336209,38.1130870491478],[-121.691100889572,38.1130862766272],[-121.691101042285,38.113085921819],[-121.691101432154,38.1130850093543],[-121.691102753576,38.1130828317369],[-121.691103962708,38.1130807452952],[-121.691105398216,38.1130785655573],[-121.691107720361,38.1130752040677],[-121.691110271576,38.1130718397508],[-121.691111387284,38.1130706544652],[-121.691112389804,38.1130695603554],[-121.691112724876,38.1130691956521],[-121.691114290639,38.1130677347186],[-121.691115522229,38.1130666377815],[-121.691116755616,38.1130656306067],[-121.691120012009,38.1130631554304],[-121.691123268402,38.113060680254],[-121.691130351618,38.1130557228331],[-121.691134176645,38.1130531494127],[-121.691137553412,38.113050942816],[-121.691145890676,38.1130458772556],[-121.69114724264,38.1130450488983],[-121.691149614193,38.1130438459425],[-121.691149960044,38.1130436692451],[-121.691151420705,38.1130429207549],[-121.691153679968,38.1130418096817],[-121.691155939231,38.1130406979018],[-121.691158757246,38.1130390390666],[-121.691159092317,38.1130388503538],[-121.691160561063,38.1130380241167],[-121.691162248099,38.1130368303491],[-121.691163817456,38.1130355489395],[-121.691164068086,38.1130352527946],[-121.691164819077,38.1130343650669],[-121.691166046176,38.1130330886047],[-121.6911672598,38.1130311816862],[-121.691168666562,38.1130277431544],[-121.691169525351,38.1130253019027],[-121.691170368869,38.113022231608],[-121.691171213285,38.1130191606065],[-121.691173099747,38.1130116665139],[-121.69117381301,38.1130078774134],[-121.691175067058,38.1130027319828],[-121.691176743314,38.1129960506971],[-121.691177053233,38.1129946067251],[-121.691177251761,38.1129932539289],[-121.69117744939,38.1129919018396],[-121.691177461068,38.112991812784],[-121.691177642528,38.1129903695187],[-121.691177942565,38.1129884760281],[-121.691178354892,38.1129866708862],[-121.69117837196,38.1129865825374],[-121.691178654031,38.112984597164],[-121.691178870525,38.1129835164819],[-121.691178893881,38.1129834048091],[-121.691178962153,38.1129830634295],[-121.691179338547,38.1129819756794],[-121.691179633195,38.1129811225837],[-121.691179712246,38.1129808935837],[-121.691180907904,38.1129781780958],[-121.691181996662,38.1129758230709],[-121.691183087217,38.112973558515],[-121.691184954814,38.1129702938509],[-121.691186822412,38.1129670284798],[-121.691187708151,38.1129657562573],[-121.691188705281,38.1129643928587],[-121.691189590121,38.1129631206362],[-121.691191480176,38.1129608447713],[-121.691193372028,38.1129586593754],[-121.691195711241,38.112956017393],[-121.691198166337,38.1129534637593],[-121.691201071489,38.1129506337703],[-121.691204539884,38.1129474362502],[-121.691206103851,38.1129458848451],[-121.69120721866,38.1129446995574],[-121.691210334916,38.1129410567591],[-121.691215228039,38.1129352299776],[-121.691220568524,38.1129289466089],[-121.691223237418,38.1129257603965],[-121.691224023444,38.1129249426397],[-121.691224465415,38.1129244832257],[-121.691225233475,38.1129231233604],[-121.691230310753,38.1129153147361],[-121.691232845799,38.112911230192],[-121.691236807369,38.1129046068548],[-121.691238347082,38.112901976179],[-121.691239657723,38.1128993483303],[-121.691241189351,38.1128963578977],[-121.691243169238,38.1128930013473],[-121.691243356986,38.1128926712759],[-121.69124404779,38.1128914591293],[-121.691245273092,38.1128900929022],[-121.691246268426,38.1128886390331],[-121.691247493728,38.1128872720992],[-121.691248721725,38.1128859956345],[-121.691250061113,38.1128846272869],[-121.691251404992,38.1128834384643],[-121.691252748872,38.1128822503484],[-121.691254094548,38.1128811512883],[-121.691255442021,38.1128801426973],[-121.691256789494,38.1128791341064],[-121.691258253748,38.1128782138643],[-121.691259488932,38.1128772971562],[-121.691260840896,38.1128764680901],[-121.691262194657,38.1128757294933],[-121.69126546722,38.112873973824],[-121.691268628391,38.1128723100376],[-121.691271565882,38.1128709190724],[-121.691274390186,38.1128695302277],[-121.69128344161,38.1128657142617],[-121.69128513763,38.1128649707173],[-121.691286838141,38.1128644066978],[-121.691289786411,38.1128634659586],[-121.69129217054,38.1128628022816],[-121.691300909351,38.1128603405274],[-121.691311575049,38.1128569634784],[-121.691311905629,38.1128568518054],[-121.691312135597,38.1128567634564],[-121.691313946601,38.1128560184984],[-121.691314399352,38.1128558319054],[-121.691316764616,38.112854359659],[-121.691318332176,38.1128531312556],[-121.691319570055,38.112852160831],[-121.691321143903,38.1128510589431],[-121.69132294233,38.1128497739963],[-121.691324628468,38.1128485809324],[-121.691331948839,38.11284397972],[-121.691337019829,38.1128409391029],[-121.691345236719,38.112835605654],[-121.691346138627,38.1128350981777],[-121.691347041434,38.1128345907013],[-121.691347657679,38.1128340867589],[-121.691348387111,38.1128334916404],[-121.691350297827,38.1128321155171],[-121.691352205849,38.1128306489246],[-121.691358940519,38.1128254264412],[-121.691362425083,38.1128229477227],[-121.691365907852,38.1128203799485],[-121.691368043147,38.112818820766],[-121.691370063458,38.1128172622902],[-121.6913717478,38.1128159794631],[-121.69137331536,38.1128146075803],[-121.691379807484,38.1128087581715],[-121.691386737987,38.1128020931242],[-121.691389307168,38.1127995380715],[-121.691393990984,38.1127945240895],[-121.691398340627,38.112789874105],[-121.691403690993,38.1127840409503],[-121.691406812638,38.1127806681385],[-121.691410604427,38.1127766563865],[-121.691415506534,38.1127711893491],[-121.691421303362,38.1127648996051],[-121.691423976748,38.1127618929109],[-121.691426088688,38.1127593442179],[-121.691431983433,38.1127523335446],[-121.691435207486,38.1127484200352],[-121.691436766961,38.1127466883938],[-121.691440100609,38.1127425932383],[-121.691444770052,38.1127369487935],[-121.691447881816,38.1127331264595],[-121.691448989439,38.1127315814109],[-121.691450096164,38.1127300363623],[-121.691451087005,38.1127284029646],[-121.691453079469,38.112725586396],[-121.691455071034,38.1127227691206],[-121.691459178131,38.1127174929132],[-121.691461347563,38.1127145455875],[-121.691462723782,38.1127126747071],[-121.691466938677,38.1127071270906],[-121.691470267833,38.1127028524076],[-121.691473485599,38.1126986681938],[-121.691477816377,38.1126932089253],[-121.691479924723,38.1126904807045],[-121.691481918983,38.1126877531904],[-121.691483468576,38.1126855720271],[-121.691485132256,38.1126833894503],[-121.69148891057,38.1126787479402],[-121.691492902684,38.11267347385],[-121.691497350243,38.1126681029289],[-121.691500789892,38.1126636458908],[-121.691504235829,38.1126594588476],[-121.691508566607,38.1126539995762],[-121.691510897735,38.1126509978249],[-121.691513112083,38.1126479077243],[-121.691514775762,38.1126457251463],[-121.691516441239,38.112643632331],[-121.691518772367,38.1126406305793],[-121.691524224243,38.1126342567156],[-121.691528227135,38.1126294314362],[-121.69153222913,38.1126246068632],[-121.691535451387,38.1126206028773],[-121.691540450512,38.1126144148987],[-121.69154344819,38.1126105939718],[-121.691548333228,38.1126044074059],[-121.69155233163,38.1125994025988],[-121.691556444117,38.1125943963778],[-121.691558669244,38.1125917565025],[-121.691565238624,38.1125842863971],[-121.691571147741,38.1125779054607],[-121.691572711708,38.1125763540477],[-121.691574389761,38.1125748012211],[-121.691575843235,38.1125734307473],[-121.691577411694,38.1125720595668],[-121.691584700624,38.1125661090669],[-121.691589076318,38.1125626288122],[-121.691595024063,38.1125579561956],[-121.69159917967,38.1125548392329],[-121.691602052482,38.1125528934282],[-121.691603791621,38.1125517152021],[-121.691605367266,38.1125506854028],[-121.691605479555,38.1125506118961],[-121.69160638326,38.1125501496527],[-121.691608189772,38.1125492244589],[-121.691610227151,38.1125483862008],[-121.691618818639,38.1125444861095],[-121.691628312035,38.1125400347183],[-121.69163226552,38.1125380896201],[-121.6916325961,38.1125378966652],[-121.69163384386,38.1125371672533],[-121.69163868039,38.1125338608688],[-121.691642837793,38.1125308329611],[-121.691644297555,38.1125297331889],[-121.691645643231,38.1125286348302],[-121.691646987111,38.1125274460018],[-121.691648330991,38.1125262571733],[-121.691649673074,38.1125249792887],[-121.691650009044,38.1125247043456],[-121.69165101875,38.1125238802232],[-121.691652366223,38.1125228716273],[-121.69165292228,38.1125224970262],[-121.691654953371,38.1125211258446],[-121.691656758086,38.1125201108876],[-121.691658218747,38.112519362392],[-121.691658564598,38.1125191856934],[-121.691660257024,38.1125182626196],[-121.691661454479,38.1125177219217],[-121.691662518084,38.1125172413013],[-121.691663641876,38.1125164157652],[-121.691665556186,38.1125152191618],[-121.691666116735,38.1125148488014],[-121.691667919654,38.1125136564388],[-121.691669487214,38.1125122845503],[-121.691671057469,38.1125110031315],[-121.691672713962,38.1125095754062],[-121.691673074187,38.1125092651233],[-121.691675320873,38.1125076140508],[-121.691677573848,38.1125062329739],[-121.691679376767,38.1125051282537],[-121.691681180584,38.1125041132964],[-121.691683552136,38.1125029103317],[-121.691685019983,38.1125021696108],[-121.691687852372,38.1125011405175],[-121.691690461977,38.1125003835403],[-121.691692505645,38.1124998152773],[-121.691694664296,38.1124993346568],[-121.691698410271,38.1124982928412],[-121.691702041261,38.1124972517324],[-121.69170692091,38.112495833902],[-121.691710390204,38.1124946705176],[-121.691711681981,38.1124942372524],[-121.691713722953,38.1124935792263],[-121.69171564984,38.1124929219071],[-121.691717236265,38.1124923600052],[-121.691718704112,38.1124916192841],[-121.69172017645,38.1124910587958],[-121.691724244022,38.1124891122826],[-121.691728195711,38.11248707742],[-121.691731465579,38.1124852319784],[-121.691734734548,38.1124832967738],[-121.691737326188,38.1124817312229],[-121.691739915132,38.1124800752022],[-121.691742951438,38.1124779632987],[-121.691745872759,38.1124758528087],[-121.691747328928,38.1124745728029],[-121.69174890098,38.1124733811464],[-121.691750357149,38.1124721011405],[-121.691751808827,38.1124706409019],[-121.69175337459,38.1124691792496],[-121.691754712182,38.1124677211313],[-121.691757056784,38.1124653491268],[-121.691759518168,38.1124630654716],[-121.691765226962,38.1124579468608],[-121.691769372687,38.1124543796652],[-121.691771168419,38.1124530049485],[-121.691773077339,38.1124515383483],[-121.69178048844,38.1124462988747],[-121.691780610611,38.1124462161796],[-121.691783646917,38.1124441919177],[-121.691786913191,38.112442166949],[-121.691788603821,38.1124411534045],[-121.691790296247,38.1124402303297],[-121.69179142992,38.1124396542915],[-121.691792667799,38.1124390273639],[-121.691793288535,38.1124387255623],[-121.691795153437,38.1124378222778],[-121.69179742348,38.1124371642512],[-121.691797763043,38.1124370660067],[-121.691798333473,38.112436885067],[-121.691799574047,38.1124364935024],[-121.691800144477,38.1124363125627],[-121.691801843191,38.1124356594838],[-121.691803767383,38.112434912401],[-121.691804220133,38.112434725807],[-121.691805352011,38.1124342600288],[-121.691808740456,38.1124325934051],[-121.691812013019,38.1124308377251],[-121.691814946916,38.1124292672256],[-121.691817879017,38.1124276062561],[-121.691822161286,38.1124250271593],[-121.691826497454,38.1124223272002],[-121.691826891815,38.1124220812354],[-121.691827789232,38.1124213885757],[-121.691828912126,38.1124205234579],[-121.691831252237,38.1124187437466],[-121.69183385286,38.1124167654257],[-121.691839569738,38.1124120065707],[-121.691848878081,38.1124043201674],[-121.691849324544,38.1124039519268],[-121.691849765617,38.112403580859],[-121.691852798329,38.1124010243788],[-121.691859855494,38.112394897166],[-121.691866132023,38.1123895905427],[-121.691870052271,38.112386206404],[-121.69187150844,38.1123849263966],[-121.691872964609,38.1123836463891],[-121.691879782822,38.1123770724798],[-121.691884476519,38.1123725079911],[-121.691889278014,38.1123676720923],[-121.691893973508,38.112363198073],[-121.691898667206,38.1123586335834],[-121.691903801976,38.112353342507],[-121.691905583335,38.1123513387396],[-121.691907365593,38.1123493342654],[-121.691911374774,38.1123447789633],[-121.691915705552,38.1123393203751],[-121.691920710965,38.1123334016621],[-121.691924048206,38.1123294860098],[-121.691928383475,38.1123242069468],[-121.691932165383,38.1123197449403],[-121.691934827091,38.1123161989419],[-121.691939934013,38.1123097395276],[-121.691942817605,38.1123059199984],[-121.691947474472,38.1122997362338],[-121.691949470528,38.1122970991751],[-121.691951350702,38.1122943737667],[-121.6919528985,38.1122921028285],[-121.691954559484,38.1122898304767],[-121.691957891336,38.1122856448256],[-121.691962560779,38.1122800010523],[-121.69196679364,38.1122752633922],[-121.691971246589,38.1122701624382],[-121.691976707448,38.1122641475951],[-121.691979604515,38.1122609578198],[-121.691981278974,38.1122592247532],[-121.691982952536,38.1122574916866],[-121.691989102402,38.1122516471807],[-121.691994690822,38.1122462606789],[-121.69199849339,38.1122426984205],[-121.692003866214,38.1122378540317],[-121.692008009244,38.1122341970621],[-121.692010692512,38.1122316405759],[-121.692017292434,38.1122255197101],[-121.69202389056,38.1122193090805],[-121.69202668432,38.11221657024],[-121.692029253502,38.1122140151667],[-121.692035496793,38.1122072694904],[-121.692041850577,38.1122003421663],[-121.692043854719,38.112198064864],[-121.692047414742,38.1121938763805],[-121.692051865894,38.1121886856575],[-121.692058428986,38.1121809455141],[-121.692060097157,38.1121789431556],[-121.692064211441,38.1121740266691],[-121.692067991552,38.1121694748901],[-121.69207176807,38.112164743584],[-121.69207588415,38.1121599175667],[-121.692079218696,38.1121558216716],[-121.692083889936,38.1121502676516],[-121.692086338743,38.1121474446995],[-121.692091784331,38.1121408000891],[-121.692096009107,38.1121357026597],[-121.69210034797,38.1121306031095],[-121.692104015792,38.1121261432115],[-121.692108579233,38.1121208605998],[-121.692111250823,38.1121177641156],[-121.692117147364,38.1121108431443],[-121.692122827412,38.1121044657004],[-121.692125611291,38.1121012773317],[-121.692128283779,38.1120982713169],[-121.6921341911,38.1120917998676],[-121.692138872221,38.1120866960736],[-121.692143109574,38.1120821379279],[-121.692148351244,38.1120765761275],[-121.692152031642,38.1120726555138],[-121.692154708621,38.1120698290248],[-121.692160950116,38.1120629935716],[-121.6921660777,38.1120574331833],[-121.69216986859,38.1120533309212],[-121.692173324409,38.1120495940742],[-121.692178342398,38.1120442146255],[-121.692182689346,38.1120394755365],[-121.692186926699,38.1120349173878],[-121.6921893791,38.1120322739584],[-121.69219618294,38.1120250702592],[-121.692201770461,38.1120195939771],[-121.692203333529,38.1120180418455],[-121.692204781614,38.1120164020707],[-121.692207234014,38.1120137586406],[-121.692213351541,38.1120064750711],[-121.692220467097,38.111997917848],[-121.692222024776,38.1119960964252],[-121.692227028392,38.1119900879209],[-121.692230698908,38.1119857177778],[-121.692232032008,38.1119840801227],[-121.692238701999,38.1119759787829],[-121.692244932714,38.1119686937962],[-121.692247159637,38.1119661429551],[-121.692249387459,38.1119636825843],[-121.692255741243,38.1119567552371],[-121.692261095202,38.11195110225],[-121.6922647756,38.1119471816296],[-121.692270132254,38.1119416184053],[-121.692273588073,38.1119378808457],[-121.692276147373,38.1119348755309],[-121.692281831912,38.111928677599],[-121.692286620831,38.1119233023822],[-121.692290409925,38.1119191103489],[-121.692294307715,38.1119147373745],[-121.692298989734,38.1119096328613],[-121.692303219901,38.1119048047067],[-121.692307452762,38.1119000670223],[-121.692310684901,38.1118965125219],[-121.692315922977,38.11189077118],[-121.692322055776,38.1118842071215],[-121.692325291507,38.1118808328546],[-121.692329869322,38.1118761799847],[-121.692334220761,38.1118716197055],[-121.692338573997,38.1118671506033],[-121.692342698163,38.1118626836213],[-121.692346497138,38.1118589418167],[-121.692352075676,38.1118531050538],[-121.692355537783,38.1118496374876],[-121.69236101032,38.111844162606],[-121.692365927697,38.1118394150225],[-121.692370844177,38.111834576968],[-121.692375425585,38.1118301043296],[-121.692380225284,38.1118251786312],[-121.692384358432,38.1118210714085],[-121.692389386303,38.1118161428823],[-121.692395193013,38.1118103025818],[-121.692398205064,38.111807111373],[-121.692401440796,38.1118037371025],[-121.692407006757,38.1117973610454],[-121.692412572719,38.1117909849878],[-121.69241580306,38.1117873407183],[-121.692422258354,38.1117798719442],[-121.692424482583,38.1117772320396],[-121.692428484577,38.1117724074103],[-121.692432373384,38.1117675841942],[-121.69244060285,38.1117577518723],[-121.692444717134,38.1117528353575],[-121.692448831418,38.1117479188423],[-121.692453056195,38.1117428213854],[-121.692457280972,38.1117377239283],[-121.692461283865,38.1117328992964],[-121.692465059484,38.1117281672552],[-121.692473510834,38.1117180621023],[-121.692480294911,38.1117099593194],[-121.692481293838,38.1117086856613],[-121.692483296183,38.111706317873],[-121.692489753273,38.1116989395614],[-121.692496655029,38.1116910155974],[-121.692498549576,38.1116889192208],[-121.692501660442,38.1116850968319],[-121.69250722281,38.1116785405297],[-121.692512894773,38.1116718032855],[-121.692515339987,38.1116688000802],[-121.692519674358,38.1116635209695],[-121.692524123714,38.111658239738],[-121.692528348491,38.1116531422748],[-121.692532575064,38.1116481345754],[-121.692536687552,38.1116431282891],[-121.692540910532,38.1116379403542],[-121.692549361882,38.1116278351888],[-121.692557252683,38.1116181873237],[-121.692557486245,38.111617920152],[-121.69256515696,38.1116091692193],[-121.692569832691,38.1116037946858],[-121.692573392714,38.1115996061682],[-121.692575286363,38.1115975104957],[-121.692577296792,38.1115955024668],[-121.692579525512,38.1115930420835],[-121.692581641943,38.1115906735847],[-121.692586207182,38.1115854806984],[-121.692589767205,38.1115812921797],[-121.692594324358,38.1115757395296],[-121.692597770296,38.1115715524241],[-121.692601662696,38.1115669094298],[-121.692605889269,38.1115619017244],[-121.692610782393,38.1115560748328],[-121.692614008243,38.1115522510234],[-121.692615896502,38.1115498846436],[-121.692621894553,38.1115424229134],[-121.69262700417,38.1115360531947],[-121.692630113239,38.1115321410337],[-121.692633555584,38.1115277736905],[-121.69263624514,38.1115243174178],[-121.692637661783,38.1115224981036],[-121.692641764389,38.1115170422812],[-121.692645205834,38.1115126749372],[-121.692648640992,38.1115080383004],[-121.692652741801,38.1115024927128],[-121.692656512031,38.1114974913642],[-121.692660395448,38.1114924878949],[-121.692664157592,38.111487126782],[-121.692667484952,38.1114827615567],[-121.692671035094,38.1114781235043],[-121.692675584162,38.1114722110828],[-121.692681239955,38.1114647542922],[-121.692683017721,38.1114625695584],[-121.692687014326,38.1114574749089],[-121.692691124119,38.1114523788453],[-121.692695006637,38.1114472863155],[-121.692699000547,38.1114421019007],[-121.692707119521,38.111432450477],[-121.692715010322,38.1114228025862],[-121.692719124606,38.1114178867556],[-121.692723237093,38.1114128804536],[-121.692726462944,38.1114090566367],[-121.692731911226,38.1114025017234],[-121.692739916113,38.111392852415],[-121.692743805818,38.111388119645],[-121.692747584132,38.1113834780526],[-121.692749368187,38.1113815633162],[-121.692755587223,38.1113737382706],[-121.69276047855,38.1113678215997],[-121.692763369329,38.1113643617854],[-121.692764592834,38.1113629050586],[-121.692770807379,38.1113549004823],[-121.692774357521,38.1113502624219],[-121.692778465517,38.1113450758797],[-121.692780351979,38.1113426204357],[-121.692782354324,38.1113402526355],[-121.692786580897,38.1113352449145],[-121.692787905912,38.1113332474805],[-121.692789345912,38.111331247926],[-121.692793556315,38.111325519969],[-121.692798214979,38.1113194265927],[-121.692801440829,38.1113156027708],[-121.69280254935,38.1113141474567],[-121.692804115113,38.1113126857813],[-121.692805452705,38.1113112276399],[-121.692807800003,38.1113089453622],[-121.692809911942,38.1113063966186],[-121.692815700686,38.111299746984],[-121.692818371377,38.1112966504649],[-121.692824376615,38.1112894587089],[-121.692826710438,38.1112866364303],[-121.692834825818,38.1112768061641],[-121.692836271207,38.1112750759014],[-121.692842718416,38.1112672480172],[-121.692847937628,38.1112606966252],[-121.692850938899,38.1112570558633],[-121.692853157738,38.1112541452326],[-121.692858251186,38.1112470559594],[-121.692862675388,38.1112406961103],[-121.692865215824,38.1112368814728],[-121.692867978143,38.1112327940076],[-121.692872286464,38.1112263458064],[-121.692875046986,38.1112221678693],[-121.692879013048,38.1112157246148],[-121.692880554557,38.1112131836427],[-121.692881869691,38.1112107359691],[-121.692883292622,38.1112080168814],[-121.692884832335,38.1112053861445],[-121.692886483438,38.1112026635226],[-121.692888365409,38.1112000278378],[-121.692890025495,38.1111976656875],[-121.692891796973,38.1111952116521],[-121.692896347838,38.111189389679],[-121.692899573689,38.1111855651436],[-121.692905127074,38.1111786497383],[-121.692907127622,38.1111761921683],[-121.692915244799,38.1111664509449],[-121.69292314099,38.1111570730196],[-121.69292340779,38.1111567273905],[-121.692924472293,38.1111553448744],[-121.692925589798,38.1111542493223],[-121.692932165465,38.1111470497774],[-121.692936067747,38.1111428562859],[-121.692940412898,38.111138026667],[-121.692945202715,38.1111326506853],[-121.692949102302,38.1111283674284],[-121.692950216213,38.1111270923466],[-121.692951445108,38.111125904909],[-121.692952674902,38.1111247181781],[-121.692955582748,38.1111219785898],[-121.692958373814,38.1111191499436],[-121.692963503194,38.1111136799549],[-121.692965063568,38.1111119482747],[-121.692966738926,38.1111103049455],[-121.692969979149,38.1111071108789],[-121.692976016726,38.1111013574592],[-121.692983503286,38.111094054715],[-121.692984842674,38.1110926863339],[-121.692985844295,38.1110915024297],[-121.692986071569,38.1110912324289],[-121.692992739763,38.111083308399],[-121.692999296567,38.1110752988444],[-121.693000741956,38.1110735692837],[-121.693003621056,38.1110695701605],[-121.693008056039,38.1110636591194],[-121.693014044209,38.1110557478091],[-121.693015375512,38.1110540196616],[-121.693017263771,38.1110516539725],[-121.693022815359,38.111044648083],[-121.693026589182,38.1110398262326],[-121.693030585786,38.1110347322604],[-121.693033693059,38.1110307296009],[-121.693038129838,38.1110249090283],[-121.693039903112,38.1110225447519],[-121.693041909949,38.1110203571777],[-121.693043909599,38.1110179003091],[-121.69304590835,38.1110153529688],[-121.693047906203,38.1110128056285],[-121.69304978997,38.1110102597017],[-121.693051450057,38.1110078975453],[-121.693052995159,38.1110055360955],[-121.693056185975,38.1110001834287],[-121.693057616992,38.1109978240991],[-121.693059161195,38.1109953728843],[-121.693062472386,38.1109902880974],[-121.693066003663,38.1109848400102],[-121.693069536737,38.1109794823942],[-121.693072509262,38.1109745820836],[-121.693073498307,38.1109728588818],[-121.693074375063,38.1109712268584],[-121.693075250022,38.1109695050702],[-121.693076122286,38.1109676935171],[-121.693077109535,38.1109658805504],[-121.693078095885,38.1109640668768],[-121.693079529596,38.1109617973108],[-121.693081072902,38.1109593468016],[-121.693084938353,38.1109535339982],[-121.693086916443,38.1109500875936],[-121.693088898126,38.1109468207186],[-121.693089554795,38.110945551995],[-121.69309021326,38.1109443730361],[-121.693091099897,38.11094319125],[-121.693092537202,38.1109411012132],[-121.69309408949,38.1109390104695],[-121.693098415777,38.1109333715397],[-121.693102616299,38.1109271940203],[-121.693105384907,38.1109233765392],[-121.693108705978,38.1109187412786],[-121.693112577717,38.1109131984735],[-121.693116572525,38.1109080140208],[-121.69312022777,38.1109030147519],[-121.693123545249,38.1108981992534],[-121.693126858235,38.1108932042247],[-121.693129740929,38.1108893853282],[-121.693133723161,38.1108836608706],[-121.693139264868,38.1108762054335],[-121.693140418305,38.110874678016],[-121.693140706664,38.1108742956315],[-121.693142029882,38.1108722077131],[-121.693147771015,38.1108634899111],[-121.693153286671,38.110854865407],[-121.69315439609,38.1108534100837],[-121.693154961131,38.1108525979582],[-121.693155280931,38.1108521378244],[-121.693161941939,38.1108436772991],[-121.693167165642,38.1108373061059],[-121.693168384656,38.1108356691318],[-121.693169720451,38.1108341212159],[-121.693172376769,38.1108303949086],[-121.69317680726,38.1108243043182],[-121.693180018737,38.1108198507017],[-121.693184116852,38.1108142152969],[-121.693188545546,38.1108080349401],[-121.693191756125,38.1108035813227],[-121.693191965432,38.1108032137808],[-121.693192635575,38.1108020390606],[-121.69319329404,38.1108008600994],[-121.693195273029,38.1107975034527],[-121.693197363409,38.1107939651553],[-121.693201227063,38.1107880625737],[-121.693203987586,38.1107838853183],[-121.693205644977,38.1107814326826],[-121.693207420947,38.1107791588702],[-121.693209415207,38.1107764312847],[-121.693211292686,38.1107736160545],[-121.693214163701,38.1107692571477],[-121.69321768869,38.1107635397488],[-121.69321911791,38.1107610899397],[-121.69322054713,38.1107586408373],[-121.69322360769,38.1107525700317],[-121.693224478157,38.1107506680013],[-121.693225349523,38.1107487666777],[-121.69322610321,38.1107467762957],[-121.693226531706,38.1107455111026],[-121.69322718568,38.1107441519036],[-121.693227614176,38.1107428867104],[-121.693228270844,38.1107416179832],[-121.693229693776,38.1107388988781],[-121.693231345778,38.1107361762388],[-121.693232338416,38.1107346325616],[-121.693233215172,38.1107330012397],[-121.693233977841,38.1107313706246],[-121.693236161646,38.1107269318455],[-121.693239327309,38.1107204991495],[-121.693244143177,38.1107112547544],[-121.693244279721,38.1107108766099],[-121.693244895965,38.1107091746062],[-121.69324498939,38.1107088996564],[-121.693245203189,38.1107082670595],[-121.693245323563,38.1107079094125],[-121.693247621454,38.1106984296473],[-121.693250158296,38.1106893972931],[-121.693250680217,38.1106872309132],[-121.693251112307,38.1106861445426],[-121.693251328801,38.1106856017107],[-121.69325144109,38.11068524265],[-121.693251754603,38.1106842467514],[-121.693255338881,38.1106760986177],[-121.693256758219,38.1106731999798],[-121.693258291643,38.1106702992213],[-121.693259170195,38.1106687569563],[-121.693259932865,38.1106671270466],[-121.693260694636,38.1106654971369],[-121.693261455509,38.1106637767551],[-121.693262099601,38.1106619680217],[-121.693262743693,38.110660159995],[-121.693263500075,38.1106582600826],[-121.693264030979,38.1106564527627],[-121.693264789157,38.1106546426155],[-121.693266966674,38.1106499338294],[-121.693269914944,38.1106439541935],[-121.693273419272,38.110637337012],[-121.693274634693,38.110635520503],[-121.693275619246,38.1106336177628],[-121.693277167044,38.110631346773],[-121.693278714841,38.1106290757831],[-121.693280823187,38.1106263467784],[-121.693282933329,38.1106237075388],[-121.693286264282,38.1106195224991],[-121.693290596857,38.1106141528404],[-121.693295160299,38.1106088708263],[-121.693299056292,38.1106044073013],[-121.693300172,38.1106032219756],[-121.693301286809,38.11060203665],[-121.693302516603,38.1106008499106],[-121.693305201667,38.1105983831325],[-121.693308005309,38.1105960944713],[-121.693309352782,38.1105950858488],[-121.693310588864,38.1105941684052],[-121.693311936337,38.1105931597827],[-121.693313288301,38.1105923313976],[-121.693314637571,38.1105914125403],[-121.693315987739,38.110590493683],[-121.693317222922,38.1105895769462],[-121.693318456309,38.1105885697372],[-121.693324734635,38.110583352748],[-121.69332664086,38.1105817963449],[-121.6933273658,38.1105810216775],[-121.69332809074,38.11058024701],[-121.693331331862,38.1105771419787],[-121.693337143064,38.1105714825234],[-121.693341049837,38.1105674685296],[-121.693346636459,38.1105619921383],[-121.69334809173,38.110560712099],[-121.693349553289,38.1105597013555],[-121.693351128036,38.1105585994331],[-121.693353150144,38.1105571320881],[-121.693355059064,38.1105556654498],[-121.69335640474,38.1105545670614],[-121.693357856417,38.1105531067844],[-121.69335797769,38.110552990867],[-121.693359197602,38.1105518281585],[-121.693360121969,38.1105506159731],[-121.693360307021,38.110550373536],[-121.693361418237,38.110549007972],[-121.693362747744,38.1105471900471],[-121.693363269665,38.1105460492498],[-121.693363618212,38.1105452887182],[-121.69336504294,38.110542659371],[-121.693366022103,38.1105404859188],[-121.693367218659,38.1105378601055],[-121.693367753157,38.1105362330201],[-121.693367856463,38.1105357820729],[-121.693368064872,38.1105348794717],[-121.693368169077,38.1105344278176],[-121.693369187766,38.1105290157439],[-121.693370303474,38.1105227915406],[-121.69337141469,38.1105163885128],[-121.69337233187,38.1105116069158],[-121.693372436074,38.1105110654963],[-121.693372744197,38.1105098010059],[-121.693372853791,38.1105093500585],[-121.693373500578,38.1105076317935],[-121.693374468962,38.1105050088063],[-121.693375447227,38.1105028360597],[-121.693376542274,38.1105007516648],[-121.693377419029,38.1104991196309],[-121.693378297582,38.1104975780691],[-121.69337929022,38.110496034387],[-121.693381168597,38.1104932184391],[-121.693383161959,38.1104904915497],[-121.693385382594,38.1104876713608],[-121.693387717316,38.1104848490513],[-121.693389496878,38.1104827547604],[-121.693391393222,38.1104807488213],[-121.693393069478,38.1104791061848],[-121.693394859821,38.1104774614277],[-121.693396649265,38.1104758166706],[-121.69339810723,38.1104746263952],[-121.693399565196,38.1104734361197],[-121.693401139044,38.1104723349028],[-121.693403724396,38.1104704985989],[-121.693406311544,38.1104687527671],[-121.693409354138,38.1104669108086],[-121.69341216317,38.1104648921464],[-121.693419018214,38.1104599373766],[-121.693422724662,38.1104571857474],[-121.693424068542,38.1104559975921],[-121.693425414218,38.1104548984954],[-121.693426644012,38.1104537117537],[-121.693429441366,38.1104511530847],[-121.693432121939,38.1104485067707],[-121.693434242861,38.1104463170589],[-121.693436248799,38.1104441301742],[-121.693440699951,38.11043893862],[-121.693443480237,38.1104356611199],[-121.693446583916,38.1104314788967],[-121.693447592724,38.1104301203985],[-121.693448135307,38.1104293874315],[-121.693451101544,38.1104242170807],[-121.693454278885,38.1104182345992],[-121.693457999707,38.1104110745633],[-121.693459640929,38.1104079023774],[-121.693464452306,38.1103984784116],[-121.693465110771,38.1103972994439],[-121.693466091731,38.1103952164596],[-121.693470226676,38.110386160743],[-121.693473390543,38.1103796382514],[-121.693475572551,38.1103751096854],[-121.693476019013,38.1103741173166],[-121.693476061234,38.1103740226033],[-121.693476224727,38.1103736607139],[-121.693477095195,38.1103722937329],[-121.693477437453,38.1103717544327],[-121.693478323192,38.110370482165],[-121.693479429916,38.1103689370665],[-121.693480536641,38.1103673919679],[-121.693481413396,38.110365759931],[-121.69348240873,38.1103643067184],[-121.69348338969,38.1103622237332],[-121.693484372447,38.1103602305135],[-121.693485242915,38.1103583291797],[-121.693486002889,38.1103566087906],[-121.693486877848,38.1103548869879],[-121.693487754604,38.1103532549508],[-121.693491716175,38.1103466313816],[-121.693492814814,38.1103447265134],[-121.693494142524,38.1103428188179],[-121.69349568583,38.110340367581],[-121.693497229135,38.1103379170509],[-121.693500988585,38.1103324660877],[-121.693504852239,38.1103265634689],[-121.693507612762,38.1103223861871],[-121.693508608095,38.1103209322668],[-121.693509605225,38.1103195688189],[-121.693514928641,38.1103125663934],[-121.693519259419,38.1103071069465],[-121.693522818545,38.1103029183546],[-121.693524266629,38.1103012785413],[-121.69352571651,38.1102997284936],[-121.693527165492,38.1102981791527],[-121.693528731256,38.1102967174569],[-121.693530181137,38.1102951674091],[-121.693531631017,38.1102936173613],[-121.693536744228,38.1102874277719],[-121.693539525412,38.1102841495582],[-121.693542414394,38.1102805999268],[-121.693547636301,38.1102741389189],[-121.693552192556,38.1102685861694],[-121.693555412118,38.1102644922886],[-121.693556403858,38.1102633917754],[-121.693556581725,38.1102631938668],[-121.693556971593,38.1102627612951],[-121.693558867937,38.11026075535],[-121.693559324281,38.1102603044011],[-121.693560990656,38.110258656105],[-121.693562554623,38.1102571046428],[-121.693564112302,38.1102552831766],[-121.693568228382,38.1102504570331],[-121.693572231275,38.110245632303],[-121.693576235066,38.1102408973382],[-121.69358046164,38.1102358895419],[-121.693584574127,38.1102308831589],[-121.693588462036,38.1102260598412],[-121.693589905628,38.1102242404947],[-121.693591235135,38.1102224218549],[-121.693595432962,38.1102161552164],[-121.693597194559,38.1102132516125],[-121.693597965313,38.1102119807556],[-121.693598736068,38.1102107106055],[-121.693600165287,38.1102082614847],[-121.693601598998,38.1102059918953],[-121.693603365985,38.1102033575882],[-121.693605247955,38.1102007218675],[-121.693607129926,38.1101980868534],[-121.693609010099,38.1101953613667],[-121.69361232129,38.1101902758174],[-121.693615742074,38.1101850100293],[-121.693617399466,38.1101825573735],[-121.693619169147,38.1101800128314],[-121.693621165204,38.1101773756962],[-121.693623045377,38.1101746502087],[-121.693624146712,38.1101728358086],[-121.693625245352,38.1101709309358],[-121.693626234397,38.1101692070083],[-121.693627225238,38.1101675735534],[-121.69362821608,38.1101659408052],[-121.693629206922,38.1101643073502],[-121.693630974806,38.1101616730416],[-121.693636298223,38.1101546706009],[-121.693639070424,38.1101510326111],[-121.693642086068,38.1101475776868],[-121.69364241036,38.1101472066076],[-121.69364274094,38.1101466623581],[-121.693643291607,38.1101457548043],[-121.693644056074,38.1101442146487],[-121.693649083944,38.1101342471061],[-121.693654207036,38.1101234688422],[-121.693657732026,38.1101127124879],[-121.693659859236,38.1101057552789],[-121.693661247133,38.1101015073027],[-121.693661778936,38.1100997897348],[-121.69366230984,38.1100979831079],[-121.693664185523,38.1100900391793],[-121.693664497238,38.1100886856226],[-121.693664693071,38.1100872430068],[-121.6936648907,38.1100858908636],[-121.693664972447,38.1100844503682],[-121.693665047905,38.1100827398681],[-121.693665454842,38.110080574884],[-121.693665860881,38.110078319427],[-121.693667347592,38.1100733504945],[-121.693669596075,38.1100667509318],[-121.693671314553,38.1100619587032],[-121.693673466018,38.1100560800942],[-121.693676377458,38.1100484817954],[-121.693678004307,38.1100446798184],[-121.693678475922,38.1100437871065],[-121.693678770569,38.1100432294267],[-121.693681869757,38.110038867649],[-121.693684638365,38.1100350501215],[-121.693686748507,38.1100324108605],[-121.693689087721,38.1100297687723],[-121.693690977776,38.1100274928159],[-121.69369275105,38.110025129214],[-121.693695079483,38.1100220368819],[-121.69369750763,38.1100183140672],[-121.693697715141,38.1100179472283],[-121.693698069077,38.1100173209868],[-121.693698276588,38.1100169541478],[-121.693698933256,38.110015685408],[-121.693699579145,38.1100139430995],[-121.693700977822,38.1100101679798],[-121.693703793142,38.1100033811043],[-121.693706824956,38.1099960506844],[-121.6937084545,38.1099923391775],[-121.693709965466,38.1099884488452],[-121.6937126667,38.1099816633814],[-121.693713421285,38.1099796729785],[-121.693714060885,38.1099776846961],[-121.693716413573,38.109970634174],[-121.69371716726,38.1099685992413],[-121.693717920946,38.1099665643084],[-121.693718290154,38.1099657754981],[-121.693720208057,38.1099616738253],[-121.693721080321,38.1099598622472],[-121.693722406234,38.1099578640688],[-121.693723623452,38.109956137309],[-121.693728512083,38.1099501307572],[-121.693734178656,38.1099431233485],[-121.693736402885,38.1099404826706],[-121.693740626763,38.1099353850876],[-121.693744070904,38.1099311081219],[-121.693745630379,38.1099293764137],[-121.693747078464,38.109927736592],[-121.69375265251,38.1099217201424],[-121.693753991898,38.1099203517393],[-121.693755445372,38.1099189819226],[-121.69376170663,38.1099130453429],[-121.69376293822,38.1099119483585],[-121.69376416981,38.1099108513741],[-121.693765403197,38.1099098448626],[-121.69376675067,38.1099088362306],[-121.693768099041,38.1099078275986],[-121.693769332428,38.1099068203803],[-121.693770564018,38.1099057233958],[-121.693772353463,38.1099040786258],[-121.693773807835,38.1099027088088],[-121.693775256818,38.1099011587526],[-121.693776923192,38.1098990658587],[-121.693778250004,38.1098971581515],[-121.693779579511,38.1098953402104],[-121.693780902729,38.1098932522641],[-121.693782221456,38.1098909840786],[-121.693783647082,38.1098883547079],[-121.693784187868,38.109887266205],[-121.693784411549,38.1098868145469],[-121.693784525635,38.1098865452484],[-121.693785061929,38.1098852757996],[-121.693785172422,38.1098849153213],[-121.693786870238,38.109879402831],[-121.693788684834,38.1098737991605],[-121.693791137235,38.109866116731],[-121.693792208027,38.1098629530033],[-121.693793710908,38.1098587028925],[-121.693796295361,38.1098518290641],[-121.693797278118,38.1098498358304],[-121.693798032703,38.1098478461308],[-121.693799017257,38.1098459426632],[-121.693799673925,38.1098446739204],[-121.693800328797,38.1098433154114],[-121.693800982771,38.1098419561955],[-121.693801523556,38.1098405991],[-121.693802493737,38.109838066562],[-121.693803348035,38.1098354449644],[-121.693804522133,38.1098318302838],[-121.693801657405,38.1098314203279],[-121.693798904967,38.109830919192],[-121.693796036647,38.1098303297036],[-121.693793279717,38.1098296490353],[-121.6937904096,38.1098289697806],[-121.693787762265,38.1098281074595],[-121.693785001742,38.1098272465519],[-121.693782353508,38.1098262937576],[-121.693779817564,38.1098252497834],[-121.693777166636,38.1098242079297],[-121.6937746262,38.1098229837163],[-121.693772199851,38.1098217580892],[-121.693770983532,38.1098210986254],[-121.693769771704,38.1098204426957],[-121.693767457644,38.1098191258887],[-121.693765140889,38.1098177193154],[-121.693762937322,38.1098162208553],[-121.693760845145,38.1098146305086],[-121.693758752969,38.1098130408686],[-121.693756658996,38.1098113607555],[-121.693754791399,38.109809587342],[-121.693752923801,38.1098078146353],[-121.69375117029,38.109806039808],[-121.693749414982,38.1098041752145],[-121.693747886049,38.1098022173206],[-121.693746357117,38.1098002594266],[-121.693744825489,38.1097982117663],[-121.693743522932,38.1097961605719],[-121.693742219476,38.1097941093774],[-121.693741143295,38.1097919655893],[-121.693734684408,38.1097791007388],[-121.69372867917,38.1097661397584],[-121.693723353957,38.1097528988744],[-121.693718599174,38.1097396502129],[-121.693714296244,38.109726215655],[-121.69371067783,38.1097126807259],[-121.693707513065,38.1096990503733],[-121.693705031918,38.1096853196495],[-121.693703007116,38.1096715825617],[-121.693701666829,38.1096578362825],[-121.693700896075,38.1096439917526],[-121.693700696649,38.1096301394448],[-121.693700952669,38.1096162800663],[-121.693701896798,38.1096025012629],[-121.693703411358,38.109588714682],[-121.693705613128,38.1095750079694],[-121.693708272142,38.1095612955996],[-121.693738168074,38.1093938906825],[-121.693780814694,38.1092448395428],[-121.693824950721,38.1091211398857],[-121.6938765769,38.1089953548745],[-121.693940827104,38.1088571562981],[-121.694022717525,38.1087010753304],[-121.694101899526,38.1085666252389],[-121.694306871718,38.1082779951192],[-121.694407121009,38.1081660103517],[-121.694458894512,38.1081184013468],[-121.694476231098,38.1081011587578],[-121.694507963187,38.1080751605676],[-121.694523906487,38.1080630602133],[-121.694524140947,38.1080627718234],[-121.694524573037,38.1080622409883],[-121.694525354571,38.1080614203497],[-121.694526021121,38.1080606011247],[-121.69452691764,38.1080598688407],[-121.694527356018,38.1080594079825],[-121.694527699174,38.1080590482021],[-121.694527979449,38.1080588191867],[-121.694528593896,38.1080582254429],[-121.694529494906,38.1080576734026],[-121.694529570365,38.1080576119077],[-121.694530392323,38.1080569411186],[-121.694531291537,38.1080562986031],[-121.694532304837,38.108055653967],[-121.694533319933,38.1080551005129],[-121.694534333233,38.1080544558768],[-121.694535462415,38.1080539003023],[-121.694536480206,38.1080534359098],[-121.694537606693,38.1080529630353],[-121.694538290311,38.1080526909028],[-121.694538743062,38.1080525050044],[-121.694544119479,38.1080478405813],[-121.694549730357,38.1080434426358],[-121.694555571203,38.1080391323379],[-121.694561530626,38.1080349994561],[-121.694567722713,38.1080310439905],[-121.69457403248,38.108027265941],[-121.694580459027,38.1080235769529],[-121.694587120035,38.1080201537357],[-121.694593898722,38.1080169093485],[-121.694600910073,38.1080138416707],[-121.694607925916,38.1080109542365],[-121.69461517532,38.1080083325734],[-121.694617351938,38.1080076002889],[-121.694622430114,38.1080058911539],[-121.694629799893,38.1080035380892],[-121.694637292741,38.1080015433914],[-121.694644901471,38.1079996370484],[-121.694652630576,38.107997998597],[-121.694660364172,38.1079965403894],[-121.694668103158,38.1079953536078],[-121.694668214549,38.1079953373505],[-121.694675960722,38.1079943414152],[-121.694683822777,38.10799351088],[-121.694691690223,38.1079929503572],[-121.694699562159,38.1079925721986],[-121.69478480689,38.1077931650304],[-121.694851151965,38.107651787633],[-121.694866067592,38.1076145102045],[-121.694876195199,38.1075826980627],[-121.6948904847,38.1075480380376],[-121.694909929633,38.1075241919873],[-121.694917132325,38.1075094253296],[-121.694944313548,38.107484210818],[-121.694957010337,38.1074649585232],[-121.694963322798,38.1074511941578],[-121.69495138868,38.1074235615131],[-121.694951869278,38.1073994425803],[-121.694963998331,38.1073602254417],[-121.694985412371,38.1072922658411],[-121.695066292188,38.1070365118339],[-121.695078468851,38.1069792097906],[-121.69508848866,38.1069476688019],[-121.695137531285,38.1068139124372],[-121.695181699651,38.1067270094396],[-121.695204648911,38.1066915078558],[-121.695211493175,38.1066810648381],[-121.695211583007,38.1066448054873],[-121.695214940909,38.1066317124763],[-121.695226007255,38.1066211203044],[-121.695244178377,38.1066115968909],[-121.695253752621,38.106610742307],[-121.695263911669,38.1066155474854],[-121.695275759549,38.1066242877068],[-121.695281193458,38.1066322185821],[-121.695286724385,38.1066343900302],[-121.695294819104,38.1066337361925],[-121.69530790127,38.1066264443112],[-121.695347348989,38.1065881909037],[-121.695388104655,38.1065371441538],[-121.695417510108,38.1064942636404],[-121.695428518961,38.1064710760334],[-121.695443307926,38.1064031205536],[-121.695459403041,38.1063725738599],[-121.69548007597,38.106347450847],[-121.69548812218,38.1063245749162],[-121.695487527496,38.106293363746],[-121.695493587531,38.1062685368782],[-121.695527252794,38.1062321642258],[-121.695588233131,38.106141335363],[-121.695616999881,38.1061105199543],[-121.695648738258,38.1060798430766],[-121.695671856402,38.1060467685262],[-121.695677591247,38.1060327423563],[-121.695680409262,38.1060009429559],[-121.695701492722,38.1059587202127],[-121.695731359908,38.1059361664876],[-121.695765839045,38.1059155276353],[-121.69579207075,38.1058887963615],[-121.695798392195,38.1058704434777],[-121.695795178921,38.1058546543674],[-121.695778533139,38.1058408536487],[-121.695773331893,38.1058230224151],[-121.695784778227,38.1057990195858],[-121.695807473264,38.1057875430116],[-121.695835121612,38.1057829250967],[-121.695858052906,38.1057818817716],[-121.69590205149,38.105768036507],[-121.695939601069,38.1057518522397],[-121.695975718734,38.1057329896752],[-121.696006397997,38.1057210409079],[-121.696028987033,38.1057149647356],[-121.696054297965,38.105713078125],[-121.696246276026,38.105707853012],[-121.696315008823,38.1057019358823],[-121.696452480706,38.1057004479407],[-121.696673943271,38.1057011046142],[-121.696767192889,38.1057086065254],[-121.696880785755,38.1057217597849],[-121.696973054413,38.1057313455182],[-121.696998620466,38.1057306252275],[-121.697022118597,38.1057193168753],[-121.697046455755,38.1057147456088],[-121.697094070957,38.1057143441121],[-121.697131414821,38.1057193055655],[-121.697155797793,38.1057318268901],[-121.697169104537,38.1057344288428],[-121.697178986005,38.1057270018615],[-121.697186130307,38.105699639999],[-121.697193646511,38.1056886476088],[-121.697219024816,38.1056846906024],[-121.697265666244,38.1056916807481],[-121.69741973001,38.1057267551672],[-121.697576109633,38.1057632362209],[-121.6977079913,38.1057921453754],[-121.697749068563,38.1058005626604],[-121.6978339899,38.1058084519205],[-121.697952762452,38.10585850887],[-121.698175532066,38.1059166345757],[-121.698327585402,38.1059586643709],[-121.698443005442,38.1060069682107],[-121.698617842749,38.1060615418413],[-121.69872537019,38.1061193139572],[-121.698828580328,38.1061529454775],[-121.698924179041,38.1062084569966],[-121.699006451246,38.1062555194334],[-121.699083259898,38.1062732381714],[-121.699188396023,38.1063262756082],[-121.699307908787,38.1063836983289],[-121.699374866514,38.1064302573731],[-121.699393760779,38.1064374573829],[-121.69943625738,38.1064429757878],[-121.699466269195,38.106451908294],[-121.699493849271,38.1064894867282],[-121.69950595946,38.1065097387699],[-121.699519103609,38.1065152211199],[-121.699550858156,38.1065204405202],[-121.699609382498,38.1065276214361],[-121.699642087463,38.1065344468045],[-121.699662904123,38.1065458490419],[-121.699686608867,38.1065636885813],[-121.699706232564,38.1065878827162],[-121.699719065896,38.1065997578292],[-121.6997337803,38.1066089970899],[-121.699750256301,38.1066153318956],[-121.69976299531,38.1066180306556],[-121.699777530051,38.1066193552957],[-121.699799791202,38.1066189509765],[-121.699823747474,38.1066227510113],[-121.699848434077,38.1066335587727],[-121.699914259028,38.1066855314302],[-121.700066806438,38.1067993477949],[-121.700154932065,38.1068626108402],[-121.700188520972,38.1068831893428],[-121.700217716219,38.1069014006024],[-121.700246118253,38.1069198931833],[-121.700175187278,38.107029938857],[-121.700301880276,38.1070866294377],[-121.700354904234,38.1070127348878],[-121.700362539914,38.1070220737618],[-121.700369723741,38.1070315985355],[-121.700373736516,38.1070372999691],[-121.700377521118,38.1070430049364],[-121.70038108204,38.10704889227],[-121.700384415688,38.1070548736137],[-121.700387407078,38.1070608591981],[-121.700390287076,38.1070669366722],[-121.700392939801,38.1070731067428],[-121.700394643007,38.1070776715627],[-121.700396117143,38.1070822392097],[-121.700397479887,38.1070868980397],[-121.700398613561,38.1070915604036],[-121.700399633149,38.1070962248878],[-121.700400425463,38.1071008914922],[-121.700400990503,38.107105652107],[-121.700401327371,38.1071104162556],[-121.700401747783,38.1071188673175],[-121.70040171185,38.10712732474],[-121.700401333659,38.1071357871094],[-121.700400610516,38.1071441646562],[-121.700399433723,38.1071526383332],[-121.700398262319,38.1071613820246],[-121.700397433174,38.107170120767],[-121.700397060374,38.1071788531467],[-121.700396919338,38.1071876724675],[-121.700397233748,38.1071964854256],[-121.700399079786,38.1072223701263],[-121.700401724427,38.1072482442153],[-121.700405454232,38.1072766219413],[-121.700409980842,38.1073048985774],[-121.700412702738,38.1073190757679],[-121.700416109149,38.1073332430598],[-121.700419967413,38.1073472237419],[-121.70042428292,38.1073611980598],[-121.700447222299,38.1074256523574],[-121.700472322126,38.1074897157138],[-121.700481731979,38.1075117155011],[-121.700492048232,38.1075334325448],[-121.700503043611,38.1075548703791],[-121.700514948983,38.1075761145323],[-121.70052764667,38.1075970780629],[-121.700530013731,38.1076007338509],[-121.700532608065,38.1076042956288],[-121.700535313791,38.1076077662239],[-121.700538133602,38.1076112354051],[-121.700541063907,38.1076145229277],[-121.700544222383,38.107617806916],[-121.700547604541,38.1076209085388],[-121.700550987596,38.1076240094547],[-121.700554597027,38.1076270170673],[-121.700558201966,38.107629845142],[-121.700562035077,38.1076326703892],[-121.700566210447,38.1076354906883],[-121.700570499004,38.1076382190979],[-121.700574896257,38.1076407658491],[-121.700579520784,38.1076432192971],[-121.700584143515,38.1076455836829],[-121.70058887584,38.1076477657035],[-121.700596489062,38.107651077257],[-121.700604324168,38.1076541152628],[-121.700612157477,38.1076570634994],[-121.700620213568,38.1076597388951],[-121.700628379254,38.1076622326325],[-121.70063860837,38.1076650571715],[-121.700648943488,38.1076675198076],[-121.7006593882,38.1076698014922],[-121.700669939811,38.1076717219807],[-121.70068128733,38.1076735406839],[-121.700692855834,38.1076749967774],[-121.70070441805,38.1076761828574],[-121.700715974876,38.1076770996308],[-121.700718261987,38.1076772466539],[-121.700720661387,38.1076773032012],[-121.700722944904,38.1076772706865],[-121.700725342508,38.1076772367581],[-121.700727624229,38.1076771144745],[-121.700729903254,38.1076769024221],[-121.700732181382,38.1076766006008],[-121.700734572697,38.1076762966589],[-121.70073684813,38.1076759043619],[-121.700739122664,38.1076755127717],[-121.700741282214,38.1076750321195],[-121.700743553155,38.1076744602847],[-121.700745708214,38.1076738000948],[-121.700747863272,38.1076731399048],[-121.700750016534,38.1076723899459],[-121.700752168897,38.1076716392802],[-121.700754205378,38.1076708009661],[-121.700756240062,38.1076698721763],[-121.70075816066,38.1076689455071],[-121.700760193547,38.1076679269483],[-121.700761995568,38.107666822155],[-121.700763911674,38.107665715241],[-121.700764812685,38.1076651624909],[-121.70076571639,38.1076647002165],[-121.700766731486,38.1076641460527],[-121.700767634293,38.1076636837783],[-121.700768652084,38.1076632193834],[-121.700769671672,38.1076628447573],[-121.700770690362,38.1076624708381],[-121.700771824035,38.1076620947983],[-121.70077284542,38.107661810648],[-121.700773865008,38.1076614360219],[-121.700775002275,38.1076612402268],[-121.700776138644,38.1076609539559],[-121.700777275911,38.1076607581608],[-121.700778299092,38.1076605637793],[-121.700779439054,38.1076604577531],[-121.700780579016,38.1076603517268],[-121.70078171808,38.1076602457006],[-121.700782858042,38.1076601396744],[-121.700783999801,38.107660123417],[-121.70078514156,38.1076601071596],[-121.700786285115,38.1076601806712],[-121.700787429569,38.1076602548896],[-121.700788573124,38.1076603284011],[-121.700789718476,38.1076604923883],[-121.700790864726,38.1076606563756],[-121.700792010078,38.107660819656],[-121.700793044039,38.1076610748259],[-121.700794192086,38.107661328582],[-121.700795226047,38.1076615837518],[-121.70079637589,38.1076619279837],[-121.700797411648,38.1076622729224],[-121.700798447406,38.1076626178611],[-121.700802712606,38.1076643573983],[-121.700806977807,38.1076660962287],[-121.700811019328,38.1076680188378],[-121.700815062645,38.1076700305088],[-121.700837490883,38.1076819499769],[-121.700859472658,38.1076943246489],[-121.700888070525,38.1077113750731],[-121.700916226421,38.1077290609433],[-121.70091982597,38.1077316190008],[-121.700923540504,38.1077342654133],[-121.70092702956,38.1077370051287],[-121.700930406327,38.1077398367333],[-121.700933670805,38.1077427595202],[-121.700934722732,38.1077438247294],[-121.70093577466,38.1077448892317],[-121.700936712501,38.1077459558545],[-121.700937653037,38.1077471115392],[-121.700938592675,38.1077482679307],[-121.700939418226,38.1077494264428],[-121.700940246473,38.1077506740167],[-121.700940957939,38.1077518332356],[-121.700941672099,38.1077530829301],[-121.700942271276,38.1077543340382],[-121.700942873147,38.107755674915],[-121.700943358237,38.1077569281436],[-121.700943846022,38.1077582704341],[-121.700944217027,38.1077595250763],[-121.700944590726,38.1077608694873],[-121.700944849441,38.1077622153119],[-121.700946030725,38.1077689458484],[-121.700946871548,38.1077757718077],[-121.700947011686,38.1077769395082],[-121.700947369215,38.1077826027142],[-121.700947639608,38.1077894364474],[-121.70094768093,38.1077962737142],[-121.700947265909,38.107803117342],[-121.700946621817,38.1078099637965],[-121.700945931911,38.107814742036],[-121.70094512702,38.1078195223958],[-121.700943978973,38.1078243069963],[-121.700942717738,38.1078290930102],[-121.700941339723,38.1078337906687],[-121.700939620347,38.1078384939817],[-121.700937783293,38.1078431082325],[-121.700935716269,38.1078476355418],[-121.70093353516,38.1078521649713],[-121.70093211672,38.1078550644281],[-121.700930812366,38.1078579617642],[-121.700929623895,38.1078609474552],[-121.70092854951,38.1078639317323],[-121.700927705992,38.1078670022438],[-121.700926860677,38.1078699836933],[-121.700926245331,38.1078730513772],[-121.700925744071,38.1078761176473],[-121.700925358694,38.1078792715653],[-121.700925199692,38.1078823328872],[-121.700925041589,38.107885394209],[-121.700925240116,38.1078991570789],[-121.700926010871,38.1079129114642],[-121.700927349361,38.1079265675963],[-121.700931985566,38.1079596116084],[-121.700937874921,38.1079925467524],[-121.700956060415,38.1080738925009],[-121.700977431336,38.108154743373],[-121.701009181391,38.1082600096834],[-121.701044343248,38.1083645979874],[-121.70105493169,38.1083932382223],[-121.701066544212,38.1084216847732],[-121.701079175423,38.1084497566912],[-121.701092830714,38.108477634219],[-121.701097745397,38.1084878218129],[-121.701102205532,38.108498104828],[-121.70110621112,38.1085084853845],[-121.701109878043,38.1085190497164],[-121.701112974536,38.1085296225286],[-121.701115615583,38.1085402914686],[-121.701121115069,38.1085661248012],[-121.701125586883,38.1085919729683],[-121.701129263687,38.1086180126777],[-121.701156304774,38.1088725157137],[-121.701164791158,38.1089692933879],[-121.701173517393,38.1090765941889],[-121.701175967099,38.1091189352907],[-121.701176589631,38.1091613025206],[-121.701176149457,38.1091820917169],[-121.701174909781,38.1092028922165],[-121.701172871504,38.1092237047262],[-121.70117268196,38.10922541666],[-121.701172380126,38.1092272204813],[-121.701171962409,38.1092289352422],[-121.701171430606,38.1092306521238],[-121.701170898804,38.109232369712],[-121.701170252915,38.109234088007],[-121.701169604331,38.1092357165351],[-121.701168841662,38.1092373471836],[-121.701167967601,38.1092390683058],[-121.701167089049,38.1092406106009],[-121.701166098207,38.1092422440766],[-121.701165105569,38.1092437877853],[-121.701163998844,38.1092453329076],[-121.701162775339,38.1092467896766],[-121.701161551833,38.1092482464456],[-121.70116021514,38.1092497046282],[-121.701158875752,38.1092510730438],[-121.701157422278,38.1092524435799],[-121.701155968804,38.1092538134092],[-121.701154398549,38.1092550948851],[-121.701152826497,38.1092562873009],[-121.701151140359,38.1092574804235],[-121.701149452425,38.1092585837792],[-121.701147650404,38.1092596892553],[-121.701145848384,38.1092607940246],[-121.701140325541,38.1092640213927],[-121.701134806292,38.1092674282946],[-121.701129519707,38.1092710119028],[-121.701124349902,38.1092746838641],[-121.701119297777,38.1092785339454],[-121.701114476519,38.1092824702591],[-121.701109773839,38.1092865853997],[-121.701105300228,38.1092907874796],[-121.701101058384,38.109295075792],[-121.701096934218,38.1092995429311],[-121.701092925935,38.1093040984231],[-121.701089262606,38.1093087380271],[-121.701085716057,38.1093134666909],[-121.701082401274,38.1093183720607],[-121.701079311069,38.1093230943624],[-121.701076566716,38.1093279912497],[-121.701073937347,38.109332886723],[-121.701071537947,38.1093378691355],[-121.701069367617,38.1093428480135],[-121.701067429053,38.1093480043043],[-121.701065604574,38.1093531577675],[-121.701064123252,38.1093583069894],[-121.701062757813,38.109363544564],[-121.701061734632,38.1093687778974],[-121.701060828232,38.1093740988766],[-121.70106026409,38.1093794149077],[-121.701059814034,38.1093847295247],[-121.701059706236,38.1093900391937],[-121.701059712524,38.1093953474485],[-121.70105994968,38.1094007419356],[-121.701060527296,38.1094060424146],[-121.701061218999,38.1094113407728],[-121.701062137077,38.1094165458296],[-121.701063286023,38.1094218378256],[-121.701064774531,38.1094270351067],[-121.701066378024,38.1094322309738],[-121.701068206994,38.1094373335397],[-121.701070265034,38.1094424325711],[-121.701071841577,38.1094464586427],[-121.701073304035,38.1094504868347],[-121.70107453832,38.1094545178537],[-121.701075659417,38.1094586407596],[-121.701076553241,38.1094627664926],[-121.701077334775,38.1094669841125],[-121.701077885443,38.1094711154996],[-121.701078210633,38.1094753394804],[-121.701078419042,38.109479475108],[-121.701078401076,38.1094837040361],[-121.701078269023,38.1094879343776],[-121.701077906104,38.1094920777796],[-121.701077315012,38.1094962247154],[-121.70107661253,38.1095004635381],[-121.701075677384,38.1095045256546],[-121.701074629948,38.1095086789511],[-121.701073351645,38.1095127453081],[-121.701071959257,38.1095168137853],[-121.701070336899,38.109520795323],[-121.70106848637,38.1095247803946],[-121.701066519059,38.109528677113],[-121.701064435866,38.1095324847714],[-121.701062124501,38.1095362966706],[-121.701059696355,38.1095400195098],[-121.70105703824,38.1095436561164],[-121.701054263344,38.1095472036631],[-121.701051374362,38.1095507533301],[-121.701041126381,38.1095621444943],[-121.701030301682,38.1095732741322],[-121.701019125742,38.1095840482365],[-121.701007372184,38.1095945608146],[-121.700995155097,38.1096047206867],[-121.700982471783,38.1096145264391],[-121.700969438127,38.1096239773653],[-121.70096212584,38.1096288494936],[-121.700954696773,38.1096336332688],[-121.700947033245,38.1096381498647],[-121.700939137054,38.1096424897548],[-121.700931122285,38.1096466522322],[-121.700922873954,38.1096505475304],[-121.700914620233,38.1096542625888],[-121.700906020661,38.1096578030619],[-121.700897417495,38.1096611632951],[-121.700888691261,38.1096641658761],[-121.700847874509,38.1096773389213],[-121.700806576261,38.1096894383014],[-121.700764796515,38.1097004654308],[-121.700719383982,38.1097124432338],[-121.70067445115,38.1097254042238],[-121.700629998917,38.1097394381665],[-121.700594183086,38.1097515502591],[-121.700558723887,38.1097642871798],[-121.700548193835,38.1097683047519],[-121.700537898244,38.1097725887954],[-121.700527722128,38.1097771414306],[-121.700526366571,38.1097777902924],[-121.700524898723,38.109778531041],[-121.700523544962,38.1097792696691],[-121.700522307084,38.1097800966498],[-121.700520956018,38.109780925751],[-121.700519718139,38.1097817527317],[-121.700518597042,38.1097826687718],[-121.700517361858,38.1097835855188],[-121.700516242557,38.1097845913252],[-121.700515234648,38.1097855052449],[-121.700514118042,38.1097866008176],[-121.700513112827,38.1097876045035],[-121.700512224393,38.109788696542],[-121.700511335061,38.1097897885805],[-121.700510446627,38.1097908813259],[-121.700509674076,38.109792061717],[-121.700509015611,38.1097932406944],[-121.70050824306,38.1097944210855],[-121.700507584595,38.1097956000629],[-121.700507042012,38.1097968673929],[-121.70050649943,38.109798134016],[-121.700506070035,38.1097993101661],[-121.700505641539,38.1098005753756],[-121.700505215737,38.1098019310582],[-121.700505016311,38.1098031934403],[-121.700504701901,38.1098044579429],[-121.700504504271,38.1098058100913],[-121.700504418932,38.1098070710597],[-121.700503661652,38.1098189576654],[-121.700503591583,38.1098309248466],[-121.700503861976,38.1098427966051],[-121.70050481958,38.1098547489392],[-121.700506231732,38.1098666051438],[-121.700508098431,38.109878365219],[-121.700510538255,38.1098902065765],[-121.70051343083,38.1099018620385],[-121.700516893836,38.1099135090167],[-121.700518356293,38.1099175371829],[-121.700519931938,38.1099215632284],[-121.700521622568,38.10992558786],[-121.700523539572,38.1099295198981],[-121.700525682953,38.1099333579289],[-121.700527940419,38.1099371952527],[-121.700530311971,38.1099410304558],[-121.700532908102,38.1099446825924],[-121.70053561832,38.1099483326084],[-121.700538439928,38.1099518914446],[-121.70054148881,38.1099553576871],[-121.700544764068,38.1099587299226],[-121.70054803663,38.1099620123918],[-121.700551537365,38.1099652920336],[-121.700553403166,38.1099669749705],[-121.700555158474,38.1099688395598],[-121.70055691468,38.1099707041491],[-121.700558555902,38.109972570152],[-121.700560085733,38.1099745280414],[-121.700561614666,38.1099764859307],[-121.700563032207,38.1099785349996],[-121.700564334764,38.1099805861889],[-121.700565524134,38.1099826387918],[-121.700566600316,38.1099847825744],[-121.700567677396,38.1099869270636],[-121.70056864039,38.1099890722597],[-121.700569490196,38.1099913093421],[-121.700570225018,38.1099934587789],[-121.700570846652,38.1099956986885],[-121.700571356895,38.1099980311913],[-121.700571864443,38.1100002732213],[-121.700572143819,38.1100025180784],[-121.70057242589,38.1100048534082],[-121.700572605553,38.1100077301613],[-121.700572672927,38.110010698094],[-121.700572624418,38.1100135776741],[-121.700572463619,38.1100165491406],[-121.700572186938,38.1100194322546],[-121.700571797968,38.1100224065481],[-121.700571292216,38.110025293196],[-121.700570558293,38.1100281819642],[-121.700569822572,38.1100309816732],[-121.700568860477,38.1100338746821],[-121.700567896584,38.1100366772181],[-121.700566818606,38.1100394811676],[-121.700565509761,38.1100421988851],[-121.700564200915,38.1100449166026],[-121.700562663898,38.1100476371472],[-121.700562113231,38.1100485447022],[-121.700561560767,38.1100493624912],[-121.700561010998,38.1100502700463],[-121.700560344448,38.1100510892489],[-121.700559677898,38.1100519084516],[-121.700558896364,38.1100527290678],[-121.700558113931,38.1100534599181],[-121.700557333295,38.1100542805344],[-121.700556549964,38.1100550113847],[-121.700555653445,38.1100557436486],[-121.700554754232,38.1100563861466],[-121.700553856815,38.1100571184105],[-121.700552957601,38.1100577609085],[-121.700551944302,38.110058405527],[-121.700551043291,38.1100589575521],[-121.700549914109,38.1100595138182],[-121.700548899013,38.1100600679639],[-121.700547883917,38.1100606221095],[-121.700546752039,38.1100610879028],[-121.700545620162,38.1100615536962],[-121.700544486488,38.1100619297236],[-121.700543352814,38.110062305751],[-121.700542220039,38.1100626810715],[-121.700541086365,38.1100630570989],[-121.70053983591,38.110063344774],[-121.700538700439,38.1100636310355],[-121.700537335,38.1100638303583],[-121.700535856373,38.1100641208606],[-121.700534490036,38.1100643201834],[-121.700533121902,38.1100644297402],[-121.700531754666,38.1100645385903],[-121.700530272445,38.1100646495608],[-121.700528901616,38.1100646686448],[-121.700527531685,38.1100646884358],[-121.700526044974,38.1100646191676],[-121.700524673246,38.1100645484857],[-121.700523300621,38.1100644785107],[-121.70052181301,38.1100643194766],[-121.700520436791,38.110064068556],[-121.700519062369,38.1100639081083],[-121.70051768615,38.1100636578946],[-121.700516307236,38.1100633172081],[-121.700515043306,38.110062975108],[-121.700513665291,38.1100626351284],[-121.700512398666,38.1100622032623],[-121.700511018854,38.1100617728099],[-121.700509750433,38.1100612511779],[-121.700508482012,38.1100607288391],[-121.700507327676,38.1100602050867],[-121.700506060154,38.1100596834547],[-121.700504904022,38.1100590699363],[-121.700503745195,38.1100583666519],[-121.700502589063,38.1100577531335],[-121.700500619956,38.1100565211489],[-121.700498654442,38.1100554694031],[-121.700496572148,38.1100543293049],[-121.700494494344,38.1100533694454],[-121.700492302455,38.1100524102927],[-121.700490112362,38.1100515416128],[-121.700487923168,38.1100506729328],[-121.700485620786,38.1100498954324],[-121.700483321099,38.1100492084048],[-121.700481023208,38.1100486111432],[-121.700478611232,38.1100480152952],[-121.700476315138,38.1100475077994],[-121.700473904958,38.1100470024242],[-121.70047149927,38.1100466765808],[-121.700469093581,38.1100463507375],[-121.700466575604,38.1100461160737],[-121.700464171712,38.1100458799963],[-121.700461655531,38.1100457358053],[-121.700459256131,38.1100456799666],[-121.700456743543,38.1100457153076],[-121.700448983895,38.1100460051032],[-121.700441227841,38.1100464744307],[-121.700433476279,38.110047123997],[-121.70042584509,38.1100480414474],[-121.700418103409,38.1100491405503],[-121.700410480306,38.1100504177713],[-121.700409228054,38.1100506149737],[-121.700407866208,38.1100509945352],[-121.700406502566,38.110051283624],[-121.700405254806,38.1100516610651],[-121.700403894756,38.1100521303926],[-121.700402646996,38.1100525078336],[-121.70040140283,38.1100530648066],[-121.700400157765,38.1100535327205],[-121.700398913598,38.1100540896934],[-121.700397784416,38.1100546459596],[-121.70039665703,38.1100552912848],[-121.700395529644,38.1100559373169],[-121.700394404055,38.1100566724081],[-121.700393390756,38.1100573170266],[-121.700391816907,38.1100584189565],[-121.700390357145,38.110059518766],[-121.700388899179,38.1100607090482],[-121.700387556198,38.1100618979168],[-121.700386214115,38.1100631765513],[-121.700384987016,38.1100644530653],[-121.700383759918,38.1100657302861],[-121.700382648702,38.1100670951523],[-121.700381537486,38.1100684607254],[-121.700380427168,38.1100698255916],[-121.700379431835,38.1100712795168],[-121.700378551486,38.1100727313217],[-121.700377670238,38.1100741831264],[-121.700376903975,38.1100756335176],[-121.700376139509,38.1100771743814],[-121.700375489129,38.1100787124179],[-121.700374953733,38.1100802497475],[-121.700374419235,38.1100818768431],[-121.700369741708,38.110097147649],[-121.700365753188,38.1101125887948],[-121.700362335098,38.1101280221623],[-121.700359492828,38.1101436272833],[-121.700357222786,38.1101593143917],[-121.700355638158,38.1101749916014],[-121.700352912669,38.110215786258],[-121.700351902963,38.1102567370982],[-121.700352239831,38.1102765258376],[-121.700353263012,38.1102963944419],[-121.700354969811,38.1103161633798],[-121.700356634389,38.11032909599],[-121.700358752617,38.1103418419986],[-121.700361440376,38.1103545795231],[-121.700364586276,38.1103673106842],[-121.700368184029,38.1103798559505],[-121.70037235311,38.1103923927329],[-121.700372719623,38.110393467092],[-121.70037320112,38.1103945400375],[-121.700373679922,38.1103955225106],[-121.700374161419,38.1103965954561],[-121.700374755205,38.1103975772223],[-121.700375464874,38.1103986466336],[-121.700376057762,38.110399627693],[-121.700376765635,38.1104006073388],[-121.700377585797,38.1104014958054],[-121.700378292771,38.1104024754511],[-121.700379112933,38.1104033632109],[-121.700380046282,38.1104042502639],[-121.700380866444,38.1104051380237],[-121.700381797997,38.1104059346043],[-121.700382846331,38.1104068195367],[-121.700383777884,38.1104076161173],[-121.700384821726,38.1104083208119],[-121.70038598235,38.1104091145652],[-121.700387026192,38.1104098192598],[-121.700388182324,38.1104104327753],[-121.700390496384,38.1104117495716],[-121.700392925428,38.1104130649544],[-121.700395465864,38.1104142884511],[-121.700397890417,38.1104154243028],[-121.700400540447,38.1104164661481],[-121.700403077289,38.1104175101138],[-121.700405725523,38.1104184621936],[-121.700408372858,38.1104193245078],[-121.70041849777,38.110422600595],[-121.700428403492,38.1104262392781],[-121.700438084636,38.1104300610261],[-121.700447657084,38.1104341541907],[-121.700472013106,38.1104454165769],[-121.700496038548,38.1104572232086],[-121.700519503442,38.1104694871474],[-121.700520314621,38.1104700151378],[-121.700521124901,38.1104704540695],[-121.70052193608,38.11047098206],[-121.700522633172,38.1104715121708],[-121.700523445249,38.110472040868],[-121.700524144139,38.1104726607443],[-121.70052484213,38.1104731901483],[-121.700525541019,38.1104738100245],[-121.70052612672,38.1104744320212],[-121.70052682561,38.1104750518974],[-121.700527413108,38.1104757629527],[-121.700527997911,38.1104763849494],[-121.700528471323,38.1104770981251],[-121.700528944735,38.110477810594],[-121.700529531335,38.1104785223561],[-121.700530364074,38.1104799501211],[-121.700531195914,38.1104813778861],[-121.700531913667,38.1104828070647],[-121.700532633218,38.1104843267155],[-121.700533239581,38.1104858477799],[-121.700533728264,38.1104872797857],[-121.700534222338,38.1104888927358],[-121.700534713716,38.1104904152138],[-121.700534976923,38.1104919412257],[-121.700535354215,38.1104934651173],[-121.700535505132,38.1104950823082],[-121.700535654252,38.1104966097337],[-121.700535691083,38.110498229045],[-121.700535726117,38.1104997578841],[-121.700535648862,38.110501378609],[-121.700535569811,38.1105029088616],[-121.700535263485,38.1105045324136],[-121.700535070347,38.1105060647866],[-121.700534648139,38.1105076006937],[-121.700534225931,38.1105091358938],[-121.700533804621,38.110510671094],[-121.700533268327,38.1105122084146],[-121.700532617947,38.1105137471488],[-121.70053196577,38.1105151954107],[-121.700531199507,38.110516645793],[-121.700530433244,38.1105180961754],[-121.700529551997,38.1105195486781],[-121.700522060945,38.1105316203531],[-121.700515143918,38.1105438637817],[-121.700508801812,38.1105562796708],[-121.700503035526,38.1105688666067],[-121.700497729178,38.1105816274165],[-121.700492998649,38.1105945599797],[-121.700488840348,38.110607574531],[-121.700485369258,38.1106206689498],[-121.700482359003,38.1106339372422],[-121.700470568615,38.110697982942],[-121.700466026733,38.1107242282897],[-121.700460795843,38.1107503032865],[-121.70045861114,38.1107596911594],[-121.700456079688,38.1107689037419],[-121.700453091891,38.1107781233914],[-121.700449873227,38.1107872553951],[-121.700446193728,38.1107962142289],[-121.700442171971,38.110805178716],[-121.700437689377,38.1108139686198],[-121.700434180558,38.1108204062553],[-121.70043044177,38.1108267569524],[-121.700426358927,38.1108330228317],[-121.700422045217,38.1108392017727],[-121.700417498843,38.1108452040105],[-121.700412722501,38.11085111931],[-121.700407713495,38.1108568586132],[-121.700402359536,38.1108625123919],[-121.700401018351,38.1108637903056],[-121.700399677166,38.110865068926],[-121.700398333286,38.1108662577815],[-121.700396875321,38.1108674480506],[-121.700395301472,38.1108685499683],[-121.700393727624,38.1108696518861],[-121.700392153776,38.1108707538038],[-121.700390464045,38.1108717673701],[-121.700388771618,38.1108726904647],[-121.700387079192,38.1108736142661],[-121.700385270884,38.1108744497162],[-121.700383462575,38.1108752851662],[-121.700381537486,38.1108760315581],[-121.70037972738,38.1108767772432],[-121.700377800494,38.110877434577],[-121.700375871811,38.1108780014391],[-121.700373829042,38.1108785697147],[-121.700371898563,38.1108790468118],[-121.700369853099,38.1108795260293],[-121.700367805838,38.1108799147751],[-121.700365756781,38.1108802137559],[-121.700363707724,38.1108805127368],[-121.70036165687,38.1108807212459],[-121.700359603321,38.11088083999],[-121.700353444472,38.1108811969293],[-121.700347278436,38.1108812845738],[-121.700341110603,38.1108812817466],[-121.700334939177,38.1108810986826],[-121.700328763259,38.1108807360889],[-121.70032258285,38.1108801939652],[-121.700316515629,38.1108795599562],[-121.700310441221,38.1108786559456],[-121.700244091654,38.1108991166932],[-121.700229850662,38.1109709342392],[-121.700236430821,38.1110592818529],[-121.700183103233,38.1111199549981],[-121.700117227976,38.1111462574457],[-121.700063747674,38.1112102617014],[-121.700013197676,38.1112625286684],[-121.699997595736,38.1112846121364],[-121.699982801382,38.1113070433464],[-121.699974077842,38.1113202125612],[-121.699964777584,38.1113331195487],[-121.699954902404,38.1113458547799],[-121.699944562795,38.1113582366061],[-121.69993364557,38.111370356912],[-121.699922263017,38.111382123813],[-121.699910303745,38.1113936291942],[-121.699898776564,38.1114040482136],[-121.699886899039,38.1114141131221],[-121.699874557984,38.111423913684],[-121.69986186928,38.1114334498995],[-121.699848828437,38.1114426312976],[-121.69983543815,38.1114514578785],[-121.699825647411,38.1114578940442],[-121.699816206118,38.1114645952611],[-121.699806999284,38.1114715629428],[-121.699798024216,38.111478707325],[-121.699789283609,38.1114861181719],[-121.699781004735,38.1114937028919],[-121.699772843541,38.111501465019],[-121.699729764831,38.1115457993163],[-121.699688540244,38.1115912764882],[-121.699649651277,38.1116340218374],[-121.699608911781,38.1116757133186],[-121.699536617164,38.111746191418],[-121.699477177438,38.1118043414179],[-121.699425829736,38.1118567097391],[-121.6990151137,38.1122887865377],[-121.698928617616,38.1123826766651],[-121.69884524228,38.1124782325876],[-121.698765102675,38.1125754514716],[-121.698730415129,38.1126171473631],[-121.698693991139,38.1126577879883],[-121.698655830706,38.1126974638187],[-121.698615935626,38.1127361741489],[-121.698612690012,38.1127390988563],[-121.698609215329,38.1127420270975],[-121.698605624763,38.1127448669897],[-121.698601918314,38.1127476185326],[-121.698598207373,38.1127501898434],[-121.698594269159,38.112752764688],[-121.698590325555,38.1127551593005],[-121.698586151982,38.1127574676843],[-121.698580620157,38.1127603344339],[-121.698574972449,38.1127631135411],[-121.698569207061,38.1127657138298],[-121.698563322198,38.1127681367135],[-121.69855732235,38.1127704705414],[-121.698551203026,38.1127726262576],[-121.698545080109,38.1127746017417],[-121.698543605974,38.1127750724653],[-121.698542130042,38.1127754534262],[-121.698540538227,38.1127757453314],[-121.6985390596,38.1127760365298],[-121.698537580973,38.1127763270214],[-121.698535987362,38.1127765298707],[-121.698534506938,38.1127767305997],[-121.698532909734,38.1127768429796],[-121.698531313427,38.1127769553596],[-121.698529831207,38.1127770663259],[-121.698528233104,38.1127770889433],[-121.698526632306,38.112777021798],[-121.698525145595,38.1127769525324],[-121.698523544797,38.1127768853871],[-121.698522057187,38.1127767263589],[-121.698520451897,38.1127764789817],[-121.698518961592,38.1127762301908],[-121.698517471287,38.1127759814],[-121.698515864201,38.1127756442601],[-121.698514372099,38.1127753049999],[-121.698512991389,38.1127748745635],[-121.698511496592,38.1127744462474],[-121.698510002694,38.1127740172246],[-121.698508620187,38.1127734970255],[-121.698507234985,38.1127728863571],[-121.698505852477,38.1127723661581],[-121.698504466377,38.1127716664338],[-121.698503196159,38.1127710543518],[-121.698501923246,38.1127703525071],[-121.698500649435,38.1127695608999],[-121.698499490608,38.1127688576417],[-121.698498216797,38.1127680653275],[-121.698497054377,38.1127671825441],[-121.698496006043,38.1127662976402],[-121.698494843624,38.1127654141499],[-121.698493910274,38.1127645278324],[-121.698492860143,38.1127635524591],[-121.698491924099,38.112762576379],[-121.698490873968,38.1127616017124],[-121.698489823838,38.1127606263391],[-121.698488773707,38.1127596516725],[-121.698487609491,38.1127586784195],[-121.698486447071,38.1127577949291],[-121.698485284651,38.1127569121455],[-121.698484008145,38.1127560300686],[-121.698482733435,38.1127552384613],[-121.698481461421,38.1127545366164],[-121.698480072625,38.1127537464226],[-121.698478686525,38.1127530459913],[-121.698477302221,38.1127524360295],[-121.698475802933,38.1127518274813],[-121.698474418629,38.1127512175195],[-121.698472922036,38.1127506987339],[-121.698471425442,38.1127501799483],[-121.698469814763,38.1127496625762],[-121.698468321763,38.1127493240227],[-121.69846671288,38.1127488964133],[-121.698465106693,38.1127485592733],[-121.698463616388,38.1127483104824],[-121.698462011098,38.112748063105],[-121.698460292621,38.112747817848],[-121.698458690027,38.1127476602334],[-121.698457087432,38.1127475033254],[-121.698455486634,38.1127474354734],[-121.698453773547,38.1127474602111],[-121.698452175444,38.1127474821216],[-121.698450576443,38.112747504739],[-121.698448866051,38.1127476192394],[-121.698447269744,38.1127477316194],[-121.698445675235,38.112747933762],[-121.698444080725,38.1127481366115],[-121.698442488012,38.1127484292235],[-121.698440896197,38.1127487211288],[-121.698439305281,38.1127491035035],[-121.698437715263,38.1127494858781],[-121.698428297326,38.1127522282326],[-121.698418999762,38.1127552384613],[-121.698409934863,38.1127584253878],[-121.698400876252,38.1127618816022],[-121.698392052101,38.1127656049838],[-121.698375319182,38.1127731287869],[-121.698358936606,38.1127810073987],[-121.698342904373,38.1127892408193],[-121.698327109295,38.112797831169],[-121.698285283736,38.112821993554],[-121.698244396916,38.1128472224792],[-121.698204442547,38.1128733377119],[-121.698201407139,38.112875449604],[-121.698198375325,38.1128777417278],[-121.698195457597,38.1128800324379],[-121.69819265665,38.11288241079],[-121.698189973382,38.1128849679603],[-121.698187404201,38.1128875237168],[-121.698184950003,38.1128900773528],[-121.698182613485,38.1128928091001],[-121.698180391053,38.1128955394338],[-121.698178170418,38.1128983602366],[-121.69817142407,38.1129080821455],[-121.698165138558,38.112917977217],[-121.698157530726,38.1129299608535],[-121.69814946116,38.1129417706175],[-121.698142596234,38.1129513144095],[-121.698135499544,38.1129606815027],[-121.698130720506,38.1129665068686],[-121.698125597414,38.1129722474192],[-121.698125262343,38.1129726121229],[-121.698124928169,38.1129729768267],[-121.698124592199,38.1129732517681],[-121.698124143042,38.1129736178854],[-121.698123807072,38.11297389212],[-121.698123358813,38.1129742582374],[-121.698122907858,38.1129745345923],[-121.698122456904,38.1129748109473],[-121.698122006848,38.1129750873023],[-121.698121555894,38.1129753636573],[-121.698121105838,38.1129756400122],[-121.698120653087,38.1129758258981],[-121.69812008625,38.1129760139043],[-121.698119635296,38.1129762902592],[-121.698119068459,38.1129764782654],[-121.698118615708,38.1129766648581],[-121.698118047074,38.1129767623951],[-121.698117480237,38.1129769504013],[-121.69811702569,38.1129770472316],[-121.698116458853,38.1129772352377],[-121.698115890219,38.1129773327748],[-121.698115320687,38.1129774310186],[-121.698114752054,38.1129775292625],[-121.698114181624,38.1129775370371],[-121.698113612092,38.112977635281],[-121.698113041661,38.1129776430557],[-121.698112470333,38.1129776508304],[-121.698111899903,38.1129776593118],[-121.698111328574,38.1129776670865],[-121.698110755449,38.1129775850989],[-121.698110185019,38.1129775935803],[-121.69810972598,38.1129775101791],[-121.698109152855,38.1129774281914],[-121.698108580628,38.1129773462038],[-121.698108005706,38.1129771744538],[-121.698107432581,38.1129770924661],[-121.698106857659,38.1129769207161],[-121.69810639862,38.1129768373148],[-121.698105823698,38.1129766655648],[-121.698105362862,38.1129764916944],[-121.698104786144,38.112976230182],[-121.698104325308,38.1129760563117],[-121.698103864473,38.1129758831481],[-121.698103286856,38.1129756216357],[-121.698102824223,38.112975358003],[-121.698102361591,38.1129750943702],[-121.69810189806,38.1129748314442],[-121.698100507468,38.1129739514904],[-121.69809900279,38.1129730729501],[-121.698097385823,38.1129722855858],[-121.698095885636,38.1129715872771],[-121.698094268669,38.1129708006195],[-121.698092541208,38.1129701949002],[-121.698090926037,38.112969498005],[-121.698089201272,38.1129689827549],[-121.69808747471,38.1129683770357],[-121.698085751741,38.1129679515479],[-121.698084026078,38.1129674362978],[-121.698082191718,38.112967101986],[-121.698080470546,38.1129667662606],[-121.698078635288,38.1129664326556],[-121.698076801826,38.1129661881061],[-121.69807497106,38.1129660340259],[-121.698073140293,38.1129658799455],[-121.698071309527,38.1129657258653],[-121.698069480557,38.1129656615474],[-121.698067539297,38.1129656891122],[-121.698065712124,38.1129657152634],[-121.698063887646,38.1129658304702],[-121.698062064964,38.1129660361462],[-121.698060241384,38.1129662418222],[-121.698054889222,38.1129669471989],[-121.698049541551,38.1129678328072],[-121.698044309762,38.1129688060574],[-121.698039083364,38.1129700493015],[-121.698033857864,38.1129712925455],[-121.698028750043,38.1129727146075],[-121.6980237608,38.1129743140738],[-121.698018774252,38.1129760040092],[-121.698013791297,38.1129778734693],[-121.698009038311,38.1129798305713],[-121.69800428802,38.1129818767288],[-121.69800021955,38.1129838232288],[-121.697996268759,38.1129858587844],[-121.697992318867,38.1129879833954],[-121.697988488451,38.1129902868243],[-121.697984771222,38.1129925888395],[-121.697981170774,38.1129949784966],[-121.697977688006,38.1129975469715],[-121.697974320222,38.113000113326],[-121.697970956031,38.1130028599117],[-121.697967820013,38.1130056036703],[-121.697964800775,38.1130084350706],[-121.697961783334,38.11301135694],[-121.697959552817,38.1130137275132],[-121.697957550472,38.1130160945523],[-121.697955550822,38.1130185520605],[-121.697953552969,38.1130210993308],[-121.697951783288,38.113023643774],[-121.697950127693,38.1130261860967],[-121.697948587981,38.1130288167679],[-121.697947050963,38.1130315379082],[-121.697945742118,38.1130342555145],[-121.697944547359,38.113036971707],[-121.697943355294,38.1130397769549],[-121.697942390504,38.1130425800824],[-121.697941961109,38.1130437554734],[-121.697941646699,38.1130450199199],[-121.697941333186,38.1130462836596],[-121.697941132862,38.1130475459857],[-121.697940933436,38.1130488083118],[-121.697940848096,38.1130500692242],[-121.697940761858,38.1130513301366],[-121.697940790604,38.1130525889287],[-121.69794081935,38.1130538484275],[-121.697940962182,38.1130551058059],[-121.697941105014,38.1130563631843],[-121.697941361933,38.1130576191491],[-121.697941618851,38.1130588751139],[-121.697941875769,38.1130601310787],[-121.697942247671,38.1130613856299],[-121.697942732762,38.1130626387674],[-121.697943216055,38.1130638014359],[-121.697943699349,38.1130649641044],[-121.697944294932,38.113066035597],[-121.697944773734,38.1130670180342],[-121.69794536752,38.1130679997646],[-121.697946075393,38.1130689793746],[-121.697946668281,38.1130699603981],[-121.697947374357,38.1130708502458],[-121.69794819362,38.11307173868],[-121.697949015579,38.1130727161695],[-121.697949833046,38.1130735148414],[-121.697950653208,38.1130744025687],[-121.697951584761,38.1130751991202],[-121.697952516313,38.1130759956717],[-121.697953562851,38.1130767908096],[-121.697954492607,38.1130774975988],[-121.697955538246,38.1130782927367],[-121.697956580292,38.1130789076433],[-121.69795773822,38.1130796108985],[-121.697958894352,38.1130802243916],[-121.697960050484,38.1130808378846],[-121.697961206616,38.1130814513776],[-121.697962360951,38.1130819751084],[-121.697963627575,38.1130824069566],[-121.697964895996,38.113082928567],[-121.697966853425,38.1130836212204],[-121.69796892494,38.1130843117534],[-121.69797110605,38.1130848206416],[-121.697973175768,38.1130854214123],[-121.69797535598,38.1130858405383],[-121.697977535292,38.1130862596643],[-121.697979600519,38.1130866802038],[-121.697981890325,38.113086917685],[-121.697984066045,38.1130871572865],[-121.697986241764,38.1130873961812],[-121.697988529773,38.1130875439001],[-121.697990701001,38.1130876032704],[-121.697992870433,38.1130875728785],[-121.69799515395,38.1130875403662],[-121.697997321585,38.1130874195053],[-121.697999601509,38.1130872074685],[-121.698001766449,38.1130869968454],[-121.698003929592,38.1130866964599],[-121.698005067758,38.1130865006794],[-121.698006205025,38.1130863048988],[-121.69800734319,38.1130861091182],[-121.698008478661,38.1130858228686],[-121.698009612335,38.1130854468568],[-121.698010747805,38.113085161314],[-121.698011767393,38.1130847867157],[-121.698012901067,38.1130844107039],[-121.698013918858,38.1130839463434],[-121.698014935751,38.1130834826897],[-121.698015953542,38.1130830183292],[-121.698016856349,38.1130825553823],[-121.698017872344,38.1130820012596],[-121.698018773354,38.1130814492572],[-121.698019672567,38.1130808067859],[-121.698020573578,38.1130802540767],[-121.698021472791,38.1130796116053],[-121.698022257919,38.1130789705475],[-121.698023154438,38.1130782383139],[-121.698023825479,38.1130775986697],[-121.69802460881,38.1130768678496],[-121.698025277157,38.1130761391499],[-121.698026057793,38.1130753185676],[-121.698026612951,38.1130745905747],[-121.698027279501,38.1130737714059],[-121.698027831965,38.1130729536507],[-121.698028384429,38.1130721366023],[-121.698028936893,38.1130713188471],[-121.698029375271,38.1130705032123],[-121.698030031939,38.1130692338187],[-121.698030690404,38.1130680556009],[-121.698031462956,38.113066874556],[-121.698032349593,38.1130656928042],[-121.698033238925,38.1130646001079],[-121.698034127359,38.1130635081183],[-121.698035130777,38.1130624147152],[-121.698036133297,38.1130613206052],[-121.698037138512,38.1130603169643],[-121.698038257812,38.113059311203],[-121.698039379808,38.1130583959107],[-121.698040614992,38.1130574784981],[-121.698041850175,38.1130565617921],[-121.698043086257,38.1130556443795],[-121.698044323237,38.1130548174358],[-121.698045677897,38.1130540781341],[-121.698047028963,38.1130532497768],[-121.698048497708,38.1130525090615],[-121.698049853266,38.1130518602288],[-121.69805132291,38.1130512099824],[-121.698052795249,38.1130506487916],[-121.698054381673,38.1130500868939],[-121.698055854012,38.1130495264099],[-121.698057442234,38.1130490542745],[-121.698061868233,38.1130478216336],[-121.698066296927,38.1130466801685],[-121.698070844199,38.1130457161076],[-121.698075278284,38.1130448439293],[-121.69807994593,38.1130441477416],[-121.698084500388,38.1130435441433],[-121.698089171628,38.113043028187],[-121.698093733273,38.1130426938755],[-121.698098412597,38.113042537675],[-121.698103091921,38.1130423821813],[-121.698107775737,38.1130424055054],[-121.69811234906,38.1130426111811],[-121.698117038266,38.1130429052056],[-121.698121730167,38.1130432882855],[-121.698126311575,38.1130438537171],[-121.698130895678,38.1130445089111],[-121.698135369288,38.1130453450431],[-121.698136400554,38.1130455104319],[-121.698137434515,38.1130457662897],[-121.698138468476,38.1130460214407],[-121.698139390147,38.1130463684743],[-121.69814042321,38.1130466236254],[-121.698141344881,38.113046970659],[-121.698142269248,38.1130474074549],[-121.698143190919,38.1130477544886],[-121.698144114387,38.1130481912845],[-121.698145037855,38.1130486280804],[-121.698145964018,38.1130491546386],[-121.6981467734,38.1130495928481],[-121.698147584579,38.1130501215266],[-121.698148396656,38.1130506494984],[-121.698149209631,38.1130512679392],[-121.698149907622,38.1130517980313],[-121.698150606512,38.1130524178856],[-121.698151306299,38.11305303774],[-121.698152005189,38.1130536575944],[-121.698152706773,38.1130543679178],[-121.698153292474,38.1130549891857],[-121.698153879074,38.1130557009226],[-121.698154352486,38.1130564133664],[-121.698154939985,38.1130571251033],[-121.698155415193,38.1130579280161],[-121.698155887707,38.1130586411666],[-121.69815624883,38.1130594461998],[-121.698156722242,38.1130601593503],[-121.698157083365,38.1130609636766],[-121.698157329503,38.1130617701233],[-121.698157690626,38.1130625744496],[-121.698157937663,38.1130633808962],[-121.698158069715,38.1130641887565],[-121.698158316752,38.1130649952031],[-121.698158449702,38.1130658030634],[-121.698158470364,38.1130667020994],[-121.698158602416,38.1130675099596],[-121.698158621281,38.1130683192333],[-121.698158830588,38.1130926087509],[-121.698158857538,38.1131540576743],[-121.698158571873,38.1132369243362],[-121.698158246683,38.113247724758],[-121.698158252073,38.1132479947509],[-121.698158256565,38.1132481749817],[-121.698158148767,38.1132484463881],[-121.698158155055,38.1132487156742],[-121.698158044562,38.1132488973186],[-121.69815805085,38.1132491673115],[-121.698157940358,38.1132493489558],[-121.69815783256,38.1132496203623],[-121.698157722067,38.1132498020067],[-121.698157614269,38.1132500734131],[-121.698157504675,38.1132502543507],[-121.698157394182,38.1132504359951],[-121.698157286384,38.1132507074015],[-121.698157175891,38.1132508890459],[-121.698156952211,38.1132510721039],[-121.698156843515,38.1132513435103],[-121.698156619834,38.1132515265683],[-121.698156509341,38.1132517082127],[-121.698156284763,38.1132518912707],[-121.698155950589,38.1132522559731],[-121.698155388244,38.1132526235026],[-121.698155051376,38.1132528984429],[-121.698154825,38.1132529917388],[-121.698154487234,38.1132531762104],[-121.698154260858,38.1132532695064],[-121.698154034483,38.1132533628023],[-121.698153809904,38.1132535458603],[-121.698153469443,38.1132536405698],[-121.698153243067,38.1132537338658],[-121.698153016692,38.1132538271617],[-121.69815267623,38.1132539218712],[-121.698152449855,38.1132540144604],[-121.69813359781,38.1132587789149],[-121.698114621798,38.1132630959726],[-121.698095402343,38.1132667854029],[-121.698076057123,38.1132699376746],[-121.698071275391,38.1132706352738],[-121.698066490065,38.1132711526421],[-121.698061702943,38.1132715795417],[-121.698056797243,38.1132718290376],[-121.698052002935,38.1132719866512],[-121.698047091845,38.1132719661543],[-121.698042291248,38.1132718537751],[-121.698037487956,38.113271561872],[-121.698032567883,38.1132711809136],[-121.6980277601,38.1132707087796],[-121.698023061911,38.1132700557081],[-121.698018247839,38.1132693135814],[-121.698013544261,38.1132683905171],[-121.698008837987,38.113267376984],[-121.69800677276,38.1132669564455],[-121.698004706635,38.113266535907],[-121.698002529119,38.113266206544],[-121.698000351602,38.1132658778879],[-121.697998175883,38.113265638287],[-121.697996002858,38.1132654891548],[-121.697993830732,38.1132654297847],[-121.697991659504,38.1132653704145],[-121.697989488276,38.1132653110444],[-121.697987320641,38.113265431905],[-121.697985153006,38.1132655520589],[-121.697982988066,38.1132657626816],[-121.697980822228,38.1132659733042],[-121.697978659085,38.1132662736889],[-121.697976497738,38.1132666638355],[-121.697974450478,38.1132670525685],[-121.697972291826,38.113267533184],[-121.697970248159,38.113268101441],[-121.69796820539,38.1132686704049],[-121.697966164418,38.1132693291307],[-121.697964237531,38.1132699857361],[-121.697963103857,38.113270361747],[-121.697962086964,38.1132708261063],[-121.697961183259,38.1132712883453],[-121.697960166366,38.1132717527045],[-121.697959264458,38.1132723054123],[-121.697958247565,38.1132727697715],[-121.697957346555,38.1132733217724],[-121.697956447341,38.1132739642421],[-121.697955660417,38.1132745155362],[-121.697954875289,38.1132751565923],[-121.697953976076,38.113275799062],[-121.697953305034,38.1132764379977],[-121.697952522602,38.1132771688157],[-121.697951853357,38.1132778982203],[-121.697951070924,38.1132786290383],[-121.697950515765,38.1132793563224],[-121.697949849215,38.1132801754889],[-121.697949294955,38.1132809034797],[-121.697948742491,38.1132817205258],[-121.697948190027,38.1132825382786],[-121.697947751649,38.1132833539111],[-121.697947313271,38.1132841702504],[-121.69794687669,38.1132850756448],[-121.697946552398,38.1132858898637],[-121.697946230801,38.1132867945513],[-121.69794590651,38.1132876087701],[-121.697945274096,38.1132899567171],[-121.697944756666,38.1132923032505],[-121.697944353322,38.1132946483702],[-121.697943949979,38.1132969934899],[-121.697943774807,38.1132993350755],[-121.697943599636,38.113301676661],[-121.697943540347,38.1133041065949],[-121.697943593348,38.1133064453531],[-121.697943760434,38.1133087819909],[-121.697944044302,38.1133112069771],[-121.697944440459,38.1133135407876],[-121.697944835718,38.113315874598],[-121.697945460047,38.1133182048744],[-121.697946084376,38.1133205351508],[-121.697946820096,38.1133227742516],[-121.697947672597,38.1133251009938],[-121.69794803372,38.1133259060241],[-121.69794839664,38.1133268008162],[-121.697948871848,38.113327603726],[-121.697949347057,38.1133284066358],[-121.697949822266,38.1133292095456],[-121.697950411561,38.1133300110418],[-121.697951000856,38.113330812538],[-121.69795159015,38.1133316140342],[-121.697952177649,38.1133323250617],[-121.697952879233,38.1133330353824],[-121.697953579919,38.1133337449963],[-121.697954395589,38.1133344531966],[-121.697955097173,38.1133351635173],[-121.697955911047,38.1133357812488],[-121.697956724921,38.1133363996872],[-121.697957537896,38.1133370181256],[-121.697958465856,38.1133376351504],[-121.697959392019,38.1133381617065],[-121.697960317283,38.1133386882626],[-121.697961243446,38.1133392148187],[-121.697962168711,38.1133397420815],[-121.697963206265,38.1133401767553],[-121.697964244718,38.1133406121359],[-121.697965280475,38.1133409577546],[-121.69796631803,38.1133413924284],[-121.697967353787,38.1133417380471],[-121.697968387748,38.1133419931971],[-121.697969537591,38.1133423366954],[-121.697970571552,38.1133425925522],[-121.697971717803,38.1133427558199],[-121.69797286585,38.1133430095563],[-121.697973897116,38.1133431749444],[-121.697975040671,38.113343249157],[-121.697976186921,38.1133434131315],[-121.697977330477,38.1133434866373],[-121.697978473134,38.1133434703812],[-121.697979616689,38.1133435445938],[-121.697980758448,38.1133435283377],[-121.69798189841,38.1133434223197],[-121.697983040168,38.1133434060636],[-121.697984180131,38.1133433000456],[-121.697985317398,38.1133431042657],[-121.697986455563,38.113342907779],[-121.69798759283,38.1133427119991],[-121.697988730996,38.1133425162192],[-121.69798975238,38.1133422313842],[-121.697990887851,38.1133419458424],[-121.697991568774,38.1133417564236],[-121.697992363783,38.1133415648844],[-121.69799315969,38.113341374052],[-121.697993956496,38.1133412729815],[-121.6979947542,38.1133411712042],[-121.697995551005,38.1133410701337],[-121.697996233725,38.1133409704768],[-121.697997031429,38.1133408694063],[-121.69799783093,38.1133408580977],[-121.697998629532,38.1133408467891],[-121.697999429033,38.1133408354805],[-121.69800023033,38.1133409139339],[-121.698001031627,38.113340993094],[-121.698001832924,38.1133410715473],[-121.698002634221,38.1133411500006],[-121.698003435519,38.1133412291607],[-121.698004124527,38.1133413994963],[-121.698004928519,38.1133415677115],[-121.698005731613,38.1133417366336],[-121.69800642062,38.1133419062623],[-121.698007226409,38.1133421649463],[-121.698007917214,38.1133424250437],[-121.698008723002,38.1133426837277],[-121.698009413807,38.1133429438252],[-121.69801010551,38.1133432039226],[-121.698010799009,38.1133435544888],[-121.698011377524,38.1133439057618],[-121.698012071024,38.113344256328],[-121.698012764523,38.1133446061873],[-121.698013345733,38.113345047929],[-121.698013924248,38.1133453992019],[-121.698014505458,38.1133458409436],[-121.698015086668,38.1133462826852],[-121.698015667878,38.1133467244269],[-121.698016135002,38.1133471675821],[-121.698016718009,38.1133476990856],[-121.698017186929,38.1133482327095],[-121.698017654053,38.1133486758647],[-121.698018122974,38.1133492087818],[-121.698018477808,38.1133497438193],[-121.698018946729,38.1133502767363],[-121.69801930336,38.1133509015357],[-121.698019658194,38.1133514365731],[-121.698019898943,38.1133519730241],[-121.698020255574,38.1133525978234],[-121.698020496323,38.1133531342745],[-121.698020739766,38.1133537604874],[-121.698020982311,38.1133543867002],[-121.69802111077,38.1133550150334],[-121.698021353315,38.1133556412463],[-121.698021479978,38.1133561791109],[-121.698021608437,38.1133568074441],[-121.69802162281,38.1133574371909],[-121.698021751269,38.1133580648173],[-121.698021765642,38.1133586945641],[-121.698021780015,38.1133593243109],[-121.698021679404,38.1133599554712],[-121.698021693777,38.1133605845112],[-121.698021594064,38.1133612156715],[-121.698021494351,38.1133618475386],[-121.698021280552,38.1133624801125],[-121.698020334626,38.113366092498],[-121.698019274614,38.1133697055902],[-121.69801798643,38.1133733229229],[-121.698016467379,38.1133768533207],[-121.698014946531,38.1133802932496],[-121.698013083425,38.1133837388328],[-121.698011219421,38.1133871837089],[-121.698009125448,38.113390542357],[-121.698007246172,38.1133932677245],[-121.698005254607,38.1133960849741],[-121.698003144465,38.1133987241135],[-121.698000919338,38.1134013646664],[-121.697998695109,38.1134040052192],[-121.697996238217,38.1134064690754],[-121.697993667238,38.1134089343451],[-121.697990980377,38.1134113112664],[-121.697988293516,38.1134136881877],[-121.697979429839,38.1134207412045],[-121.6979703326,38.1134275270557],[-121.697960888612,38.1134341383301],[-121.69795109428,38.1134403947975],[-121.6979468183,38.1134432438506],[-121.697942657303,38.1134460914901],[-121.697938613986,38.1134491179462],[-121.697934572466,38.113452234164],[-121.697930878593,38.1134555249577],[-121.697927186517,38.1134589062197],[-121.697875670831,38.1135090264851],[-121.697826473696,38.113560642979],[-121.697759436918,38.113631405507],[-121.69769009147,38.1137011212205],[-121.697535331509,38.1138522044525],[-121.697355849912,38.114026218854],[-121.697166829105,38.1142027065651],[-121.697106979747,38.1142580727319],[-121.697049328567,38.1143146665287],[-121.697012065551,38.1143536989988],[-121.6969764204,38.1143935187971],[-121.696942393116,38.114434214976],[-121.69690998729,38.1144758787081],[-121.696879313417,38.1145183269371],[-121.696708636208,38.1147532155497],[-121.69652733642,38.1149831256203],[-121.696307795351,38.115249292892],[-121.696049121872,38.1155627948065],[-121.694710806372,38.1172198215887],[-121.69451852468,38.1174696760635],[-121.694334669186,38.1177234605952],[-121.694226600061,38.1178790106014],[-121.694192023905,38.1179308706598],[-121.694115241305,38.1180507114323],[-121.694042435546,38.1181645588532],[-121.693959957626,38.1182901478557],[-121.693877261416,38.1184161903676],[-121.693848371597,38.1184619417159],[-121.693820864284,38.1185082139004],[-121.69379214245,38.118556301661],[-121.693762265382,38.1186038664054],[-121.693727697311,38.1186560856773],[-121.693691858125,38.1187076928795],[-121.693396732808,38.1191173406268],[-121.693177558252,38.119410756986],[-121.693030824738,38.1196094059234],[-121.692990467924,38.1196683638103],[-121.69295219071,38.1197283725494],[-121.692898710408,38.1198130671141],[-121.692843037318,38.1198968018505],[-121.69279632672,38.1199626875072],[-121.692746846616,38.1200273518889],[-121.692694709295,38.1200907045386],[-121.692663799164,38.1201280264837],[-121.692634505103,38.1201660459429],[-121.692606600735,38.1202049459558],[-121.692580536117,38.1202443590266],[-121.692530535888,38.1203263950225],[-121.692415837196,38.1205274718692],[-121.69227140876,38.1207977927892],[-121.692137797836,38.1210716505081],[-121.692075258923,38.1212002867939],[-121.692007884378,38.1213272818739],[-121.691935561015,38.1214526371701],[-121.691867165085,38.1215648015645],[-121.691825878515,38.1216332192587],[-121.691750232283,38.1217632100157],[-121.691624181581,38.1219827087763],[-121.691430229921,38.1223312793249],[-121.691242744335,38.1226678824268],[-121.691190935797,38.1227559706675],[-121.691136476332,38.122843017134],[-121.691102216383,38.1228989201979],[-121.691070376496,38.1229557786687],[-121.691050769867,38.1229929415567],[-121.69100698598,38.1230772288134],[-121.69086298604,38.1233416945552],[-121.690730956151,38.1235849382222],[-121.690727132023,38.1235926397025],[-121.690723655543,38.1236005157338],[-121.690720406336,38.1236083889375],[-121.69071750388,38.123616436692],[-121.690714716407,38.123624483739],[-121.690712616146,38.1236326106408],[-121.690711663034,38.1236359525639],[-121.690710596734,38.1236392966069],[-121.690709415449,38.1236426420631],[-121.690708004196,38.1236459005967],[-121.690706478856,38.1236491612501],[-121.690704837634,38.1236523328609],[-121.690703081428,38.1236555065916],[-121.690701095253,38.1236585933997],[-121.690698770413,38.1236618653596],[-121.69069777508,38.1236633183076],[-121.690696437488,38.1236647769091],[-121.690695095405,38.1236660553054],[-121.690693637439,38.1236672453659],[-121.690690266062,38.1236697223029],[-121.690687342046,38.1236717427201],[-121.690684415335,38.1236736726815],[-121.690681144569,38.123675518547],[-121.690677875599,38.1236774534551],[-121.690573097003,38.1236763163963],[-121.690496765357,38.1236753185547],[-121.690534901535,38.1235282222856],[-121.690763918932,38.1231286873124],[-121.691652779448,38.1214550823803],[-121.69202348542,38.1208160330884],[-121.692447815424,38.1201089315867],[-121.693749162555,38.1181521315361],[-121.693930332985,38.1178553799467],[-121.694689245907,38.1168637534377],[-121.696228097718,38.1149237349405],[-121.696260966176,38.1148823350897],[-121.696071860028,38.1147887322982]]]},"properties":{"FID":7913,"UNITNAME":"Brannan Island SRA","GISID":"GIS0000021","SUBTYPE":"Park Unit operated by other entity","UNITNBR":"314","GlobalID":"468b958f-45b5-4466-ba03-428cb0474f07"}}]}